date,open_count,ctrl_count,phi_SB2_open_A,phi_SB2_ctrl_A,phi_BS2_open_A,phi_BS2_ctrl_A,phi_BB1_open_A,phi_BB1_ctrl_A,phi_SS1_open_A,phi_SS1_ctrl_A,eta_open_A,eta_ctrl_A,mu_B_open_A,mu_B_ctrl_A,mu_S_open_A,mu_S_ctrl_A,phi_SB2_open_B,phi_SB2_ctrl_B,phi_BS2_open_B,phi_BS2_ctrl_B,phi_BB1_open_B,phi_BB1_ctrl_B,phi_SS1_open_B,phi_SS1_ctrl_B,eta_open_B,eta_ctrl_B,mu_B_open_B,mu_B_ctrl_B,mu_S_open_B,mu_S_ctrl_B,phi_SB2_open_C,phi_SB2_ctrl_C,phi_BS2_open_C,phi_BS2_ctrl_C,phi_BB1_open_C,phi_BB1_ctrl_C,phi_SS1_open_C,phi_SS1_ctrl_C,eta_open_C,eta_ctrl_C,mu_B_open_C,mu_B_ctrl_C,mu_S_open_C,mu_S_ctrl_C,phi_SB2_h13_A,phi_SB2_h15_A,phi_SB2_h14_A
20423,42473,42678,0.05170492913204469,0.10022735039159239,0.04311991500830376,0.03457399464781432,0.3706890826485579,0.37365349479348403,0.47225372054524356,0.42599975216724206,0.752977727035337,0.7298188615107516,2.430821495964523,1.6830798218015461,1.2306827908671043,1.4728999339070774,0.04119092987547535,0.0830390281921271,0.041583231406895745,0.021933963682061835,0.3709675439446267,0.376402711961399,0.4729926794775171,0.42571744832531894,0.7292571156069667,0.6884601604635466,2.5395149954775067,2.0762830439091062,1.3527046446131425,1.5980477512107738,0.04483141450585533,0.07899711557667978,0.025989883941883094,0.0205974022059356,0.37054949244662344,0.3773938626524439,0.47283272276528604,0.4261573038552203,0.7237922781814043,0.6783105191793981,2.589137975579628,2.2370036785992933,1.4605938856124117,1.6611906203313989,0.001994469725048357,0.10002952071865062,0.05170492913204469
20424,54293,54329,0.048222899426653365,0.12890028032661544,0.11974067816342344,0.034273959398663324,0.44192432166400475,0.3754604790922017,0.37282115506955904,0.3902451292356854,0.6999163190896304,0.8215159930497697,2.000644324255884,1.4113348227984694,2.4772509278138743,1.360068351527411,0.03145689977496781,0.11207018078804112,0.10903558528338461,0.036576831272227134,0.4411244975448482,0.3768930494803148,0.3753323081270639,0.38991106579640744,0.6663642156767269,0.7917211817680525,2.1011710005559032,1.6486510789349575,2.6022132991733997,1.4703126379602123,0.03809858540864893,0.11625600976854357,0.09385501418281782,0.035884495010823296,0.4409121268317315,0.3758309410227369,0.37380075522584455,0.3922219984415324,0.6620407177272044,0.7907924453218746,2.139669927964866,1.697745459350442,2.8128703487888624,1.4670190224656527,0.02204652303810138,0.03273288854375712,0.048222899426653365
20425,74493,74622,0.06467345348504526,0.08696244869854206,0.06176210188810483,0.011406717261319909,0.5577567482061438,0.5921918385334782,0.5402997715006221,0.47357636218878063,0.8323949233659983,0.769443203140669,1.4579939574735363,2.5399427261614407,2.0541064030906484,2.5076124828760946,0.05873195659343153,0.09032760693050323,0.051913282892803045,0.016619943757772957,0.5605343867585584,0.5926711978090978,0.5406427673537008,0.4735248805366964,0.8158077751168066,0.7596493732918,1.5644403410840422,2.7068205331448776,2.3837998249249925,2.5468555456008053,0.05946519942658037,0.08451564715660236,0.05089153415908363,0.0164247475234886,0.5571671911681785,0.590407786210062,0.5409261885509513,0.4740335747150467,0.8007998451950928,0.750940001953693,1.7094023023447151,2.7864303285359835,2.3849864649180925,2.5366855731425018,0.02821116466909434,0.04403365092158594,0.06467345348504526
20426,31393,31385,0.04794802059687696,0.04422197732690947,0.028731631516651056,0.03128403223132238,0.45869907546546207,0.4422601341137242,0.4429152218341056,0.4563421382100309,0.7385844610946564,0.6545858685161647,1.0043029547527251,1.708879274404978,1.3018285620863406,1.3084203402133479,0.027461054814992534,0.0463169707633378,0.01824683789203584,0.02824452864168623,0.45994441630934246,0.44420016481853175,0.4437278235438747,0.456547955105821,0.7049482064611605,0.6457820685748771,1.2747206232084383,1.7618205686674582,1.4766266393682488,1.3579776175223597,0.030548438382891063,0.04358913161499126,0.017237959131246063,0.025768146794275158,0.45993221690223207,0.4440351837017102,0.44345440305140515,0.45631544881188624,0.7019732593487723,0.6414982102317133,1.207778557617688,1.780214582974027,1.445458971984571,1.3461283183227635,0.019600132706884044,0.030663025382558287,0.04794802059687696
20427,34909,34903,0.06833307114688567,0.03289497659014215,0.026450419276746524,0.0668279871065267,0.4876714369310053,0.5807050367973714,0.4480811050998541,0.48456931135969433,0.7114690476203448,0.7566177218752499,1.5809532922799845,1.1112212990901422,1.199528600302807,1.2528077583925243,0.04717204201068465,0.023440847464130065,0.01944402800593272,0.052954184771746036,0.48850309107395434,0.5801080569109005,0.4508137314585934,0.48515736571390833,0.6896557795313986,0.7172282426587973,1.6676289318942368,1.3722460273387147,1.2901974493256032,1.5244190731820648,0.053139413250065465,0.022725420062549743,0.019569237455799846,0.053565684215161814,0.48903121595819704,0.5801968413771725,0.4498836250429358,0.487061740468627,0.6854258710882413,0.710437411430504,1.7421111221952823,1.347292829004515,1.3084962426889655,1.5848617554024853,0.09284454681866973,0.0331667644120398,0.06833307114688567
20428,24683,24654,0.002973774211455157,0.06337068913506168,0.09256953107505808,0.012272190278275152,0.28816019731772174,0.4628145184562628,0.39979021260390935,0.46940882263572403,0.7080336786773503,0.7144888254424558,1.1102771093213144,1.139730490293339,1.0805165609325598,0.8054371113425758,0.012184580322699675,0.05345801347562278,0.08379632857571895,0.012865360623291648,0.2888208105323139,0.46405035424706126,0.40140333643840803,0.46952133022998505,0.7009598909865705,0.7008298590941796,1.08986275821707,1.2373903466501235,1.1018396155617753,0.8154463440209234,0.006755932789774913,0.04869773296415879,0.07437364864682264,0.008657578935130228,0.2898002276035036,0.46389316784316537,0.40270323001155545,0.4699372332607241,0.6808773763815851,0.6909363484283346,1.1658680031585607,1.257587280600445,1.252459015006607,0.8612859437468949,0.013013815702887909,0.02323559705829411,0.002973774211455157
20429,43785,43749,0.07317135313224234,0.04487227080927335,0.03946030085079356,0.06217050804118915,0.4704071647459088,0.5815612612492046,0.5600515432473984,0.5383677288624288,0.8343445724200952,0.8082015791587298,1.068081651240334,1.316605349190373,0.990458969699076,0.9878927157584243,0.05499213135158006,0.039680764039376974,0.03254879169096211,0.06057498114445601,0.47334031392599896,0.5829704904196208,0.5615994811338598,0.5395453218911268,0.803016524090213,0.7905983264313443,1.3397861161726345,1.4640866569982205,1.1108037824609782,1.0972557766268416,0.054059498955938735,0.037535594316359874,0.027461838962817134,0.055950131977321335,0.47326583550111695,0.5838448312136888,0.561103591257501,0.5405768585106019,0.7878553084252452,0.777101193424147,1.4744933257134702,1.4747875996015916,1.2023276025230716,1.2151819121146714,0.05590206177680741,0.04295858597188572,0.07317135313224234
20430,41283,41227,0.04265299900844416,0.04708099713178844,0.020508704285024403,0.028360349618582175,0.5243169455510541,0.6107793278198683,0.5310206929386503,0.6327639563965943,0.7882041740001383,0.8490317025538542,1.209552103607517,1.0842033679367462,1.1986298365079313,0.7254121607952255,0.029251240709513043,0.03581384320021745,0.016983028292465518,0.025756591440041294,0.5257610161227378,0.6167632014633658,0.5298819554064526,0.620951951209978,0.7592880548319891,0.8256007991920342,1.4907537046834556,1.2434125319430072,1.2345638242870554,0.88505377509657,0.026232979006471688,0.035133459272722184,0.015562853310728838,0.02772508888408282,0.5264225713366234,0.6138201925061765,0.5330585258469484,0.6204216500158836,0.752420388362445,0.8165226642611039,1.5701344210636163,1.252409546152695,1.31010633564732,0.8682852479584855,0.0236876024777071,0.06234666175783313,0.04265299900844416
20431,28086,28036,0.02639599210679694,0.023340683247862454,0.02693635359405335,0.057978789703471444,0.49439795069326953,0.4262450984831927,0.43084219075519753,0.41644221086558253,0.695098734143574,0.672530075321276,1.035572354562444,1.2289426257132816,1.3506081626966673,1.3229355570568537,0.01618695174622595,0.015300521751384848,0.011211732003028349,0.05318986911569419,0.4940396629125506,0.4259307682323164,0.43305809858508354,0.4164662434197006,0.6715914743294196,0.6611744136307528,1.1378207369542261,1.29584886166906,1.5121944846233577,1.374879018096456,0.008419759270929023,0.013671319432847598,0.001482820302838215,0.05067178517824678,0.4942716888083954,0.42763358443171434,0.4335777034806134,0.4179083371537498,0.6634020548436153,0.6600282215136661,1.1764243707666049,1.3101039103097851,1.5677121076385512,1.3656033568310533,0.0014682089302216967,0.054358590229458825,0.02639599210679694
20432,23319,23355,0.05206340254806447,0.0977207892037095,0.02551055335936483,0.04815356368440225,0.3977970542535315,0.4296180324309896,0.47226390909351523,0.2834410685969439,0.663119852983338,0.6536908620042174,1.1505157470615865,1.0188515594251502,1.0488654833401667,1.4058311825723184,0.050215783952597286,0.08655006335328441,0.0069332982344571005,0.045328261459874154,0.39733972829005204,0.43140487254064597,0.4724000952059682,0.28403347062006806,0.645736773924022,0.6367037567277563,1.2317885925189744,1.124181709467644,1.1039939972014987,1.4472814171453834,0.04456671100837822,0.07433688239190239,0.004178073337073966,0.04234804232680048,0.39749551295635016,0.4303257361477857,0.4718923819375197,0.28402054121775033,0.6386190523219348,0.6229238387370173,1.2297499304299717,1.180169448147202,1.1034397225050319,1.4818930470370784,0.0288801558724916,0.04538898507198625,0.05206340254806447
20433,36078,36044,0.06430792341162869,0.09271460051239064,0.0475675465362393,0.07456835045723079,0.48249018032180785,0.14342187233938206,0.5695539799363334,0.1565638285582808,0.7942946460770235,0.4021016198365669,0.9318775382504567,2.9639545288750506,1.1173492999761276,3.033491559507225,0.03982191079258169,0.0900283181746066,0.03744616239265172,0.07803819141847261,0.48287405961527063,0.1433359048572428,0.5696541453832973,0.15678481246646206,0.7608829465578589,0.39301918548669235,1.3660722104684213,3.003916370470241,1.2127334784031039,3.0524403150038975,0.038676528877555884,0.07608575264352237,0.02972132862180877,0.0650662731582196,0.4834272028303604,0.1436820825226166,0.5695359188217725,0.15759941750936407,0.744900713996702,0.3616739408609008,1.3115408079905633,3.1892553877369134,1.2985738165028406,3.1842728115877943,0.019614070282091816,0.0225942568659891,0.06430792341162869
20434,29523,29523,0.00347640280174973,0.04400403433104472,0.015901317805441545,0.0005524717097989299,0.452044406527655,0.406360094490988,0.4866001489894075,0.2827724289153569,0.6554803037517408,0.6358236486256124,1.5195438528592922,1.260256516981306,1.2987695243221977,1.8362001054194044,0.021954045123889952,0.03435163114145837,0.017921027143215775,0.01939253049663881,0.4512298811723874,0.4062545081499824,0.4876329645588837,0.28450204104178684,0.6555521796308581,0.6203349631085207,1.4759847275607905,1.366998009388806,1.3318396621292414,2.192644579201569,0.02072635950553708,0.03859311787930616,0.013986435213462501,0.006614872260541407,0.4516497008700228,0.40684445185515045,0.49068106224728475,0.2875910233330599,0.6556099581579379,0.6139491423735601,1.483722016005038,1.3959869906662539,1.3520082442556918,2.21654245054194,0.01857471699814028,0.07803440770102067,0.00347640280174973
20435,18844,18844,0.06365622236030506,0.007206449052324455,0.038062256506909725,0.060749262339436304,0.4002086616823511,0.4060079635414723,0.22710621833739633,0.46157276955220544,0.610636427213297,0.6712009368544096,1.034715288339979,1.0588743643677752,1.3139998784936693,0.6669016332368567,0.024697005588703237,0.0035243760123058734,0.019735176683432,0.05749532067457669,0.4018731402362035,0.4067663344221447,0.22922851988050635,0.4628532692664187,0.5709592327887338,0.6588802105188668,1.1753729172413758,1.1091782609962701,1.486146106715042,0.6738961895929952,0.011442256898170619,0.000993072426813635,0.018292982137863446,0.04964882040920187,0.4035113428862555,0.40686242523650207,0.23103348745827723,0.4637745920181932,0.5593161989754318,0.6486572973230607,1.276347629465898,1.1059246842203279,1.4916200706137663,0.737361942587763,0.03966723684867561,0.01137411357784896,0.06365622236030506
20436,17402,17412,0.03253890892566567,0.001981161229768938,0.0025921038363803887,0.036760463241855265,0.33412729708534444,0.2331706636585,0.48063008894771364,0.3155632928506502,0.6602016691355637,0.45928096964737414,0.985756460401936,1.3674165327579235,0.7710102937359452,1.2658471412903762,0.02646559267929384,0.001207643020462278,0.00041652461614741996,0.03817475026287035,0.33626289166648815,0.23088252449840227,0.48084570149799416,0.31518314536039593,0.6448062507466048,0.4483488157478837,1.1256282214792679,1.3949019583625668,0.782933258431485,1.2871756303495117,0.023782764640240914,0.012977494542857047,0.0007706356168933087,0.033848676624302576,0.336142788159066,0.233056917502818,0.4810184378110866,0.31573647444060404,0.6431844304602717,0.4515228504865603,1.1458816772290652,1.3798767853240017,0.7829649709204437,1.321506017407395,0.04388517209384598,0.01939388771852543,0.03253890892566567
20437,46619,46688,0.09169928150881543,0.0467833477724379,0.03335040796926342,0.05562358514433833,0.5134654292349181,0.4591784814365619,0.5279410161193051,0.5482737152985317,0.8293277608439328,0.754041128011404,1.088193424975478,1.9372676220629315,1.084978140194834,1.4568071012851378,0.056058210224583994,0.03050799194971955,0.018112913352093724,0.03916471158245967,0.5199568208593717,0.45911003110511023,0.5302159836263481,0.5461570232660091,0.772982552901252,0.7351168713747978,1.662098588651771,2.4348885436917382,1.4978392492891202,1.6683569382863797,0.056476541389599004,0.03406202186367209,0.01575636399968318,0.044229875199487324,0.5170205186491673,0.4595535063384877,0.5310180825176629,0.546983539059757,0.7611115163757443,0.7341750782545101,1.6440544523461778,2.283228949151537,1.5038630008520792,1.6085582187726537,0.01728095819624243,0.1010064199961582,0.09169928150881543
20438,62194,61028,0.006937359996684197,0.050117893994463994,0.04053837397709383,0.037891836138754076,0.4477827965085662,0.5459266634147241,0.43395207887711706,0.556308996492448,0.6936468519157962,0.7785093287027953,2.9604650902188214,2.5456668090366765,1.8970779411067822,1.5059327178295179,0.017453386026233544,0.0421034907981536,0.03564099943245944,0.024068923993195948,0.4482091773764004,0.5440989922350573,0.4342681666922376,0.5575839293786944,0.6807253164003264,0.7657143702984014,3.243095652951325,2.6372719789993764,2.1012109987597873,1.667007776088956,0.02952025213410519,0.04216517111044929,0.02613267680437384,0.027688789539790582,0.4474739422841523,0.5444753907796629,0.4328347629486502,0.5555735713432857,0.6841848437488176,0.7657786651991826,3.1915154559625623,2.6960555550563416,2.0429316862742954,1.6305833081885621,0.004551215142107346,0.01966429755860093,0.006937359996684197
20439,56560,56810,0.053425152590266874,0.09526240339764612,0.08915280972047672,0.060783877337721566,0.5626485095749861,0.5544939070484124,0.5691508753242139,0.6459599124618175,0.8756808455194547,0.8576516152845836,1.1185867743281135,1.3835338802965895,0.784500036628168,0.9108676299313198,0.049917325684066594,0.08570600594203025,0.07045114482048251,0.04674491085171768,0.5643461955043257,0.5562211694010326,0.5757285516851242,0.6468561992917907,0.8394628906912671,0.8322824235917763,1.498206199127794,1.5409445995168747,1.3960117087781805,1.0580913527404858,0.04489322505163965,0.07736699823627903,0.06770114122531273,0.0451506537528743,0.5693187305316162,0.557760344786833,0.578579869529941,0.6498016239309743,0.8240933720614045,0.8225791707225025,1.437831625812933,1.8242212236033644,1.4549277809187369,1.085894444910724,0.02800369648396014,0.0463599614390912,0.053425152590266874
20440,66062,65825,0.047682174916246274,0.15785983576528073,0.07141758785069137,0.13931375673074717,0.5979905270572037,0.1788705413285946,0.585458235832067,0.10976162626457311,0.826665778320121,0.5429800528986252,1.4162673094475262,4.41841025688012,1.8250662925571821,3.9350544528510016,0.03734268317316165,0.07130222524984782,0.07066501413022025,0.0809710459179601,0.5981418482362628,0.17957882484214274,0.5840205722890831,0.11226096042646842,0.8126489735285637,0.39230994636847477,1.5237550903106862,6.037285433780499,1.9268347387671554,5.3151516959455565,0.030459217170251462,0.07501953832254361,0.06596756365630166,0.07934768327618684,0.5974849510134382,0.18057763800033985,0.5793687723322462,0.1160005900948564,0.7988558285095354,0.37886154122870624,1.7269674817126852,6.1854502107866,1.905547350599717,5.368000039194792,0.06382654609272699,0.021493374848438995,0.047682174916246274
20441,42491,42678,0.055449951308045066,0.10022735039159239,0.06298417001621229,0.03457399464781432,0.6131112140057602,0.37365349479348403,0.5647797758055652,0.42599975216724206,0.8485701201188598,0.7298188615107516,0.9415437208757723,1.6830798218015461,0.8440430649050399,1.4728999339070774,0.038151779686892213,0.0830390281921271,0.04467933046578844,0.021933963682061835,0.6134398913041829,0.376402711961399,0.5681648220475484,0.42571744832531894,0.805527238338912,0.6884601604635466,1.1379352643515837,2.0762830439091062,1.0460563257572766,1.5980477512107738,0.03411980691952904,0.07899711557667978,0.044468024170259086,0.0205974022059356,0.6124641889607446,0.3773938626524439,0.5674346259982497,0.4261573038552203,0.7967231774529695,0.6783105191793981,1.2560492588770962,2.2370036785992933,1.0985027104416192,1.6611906203313989,0.029927761951175774,0.04875795310106874,0.055449951308045066
20442,10556,10557,0.010108151495110086,0.04030496833787458,0.032903930159954915,0.015156466120240296,0.1819136215150094,0.24474737939423882,0.2740810982577212,0.21318057724116585,0.44298106991395936,0.5923307445586814,0.6461499148357029,0.7151830984960875,0.9837033293331005,0.618439801891277,0.010221008584194256,0.022249053398595293,0.03881235144875262,0.007087916154540057,0.18257620308965514,0.2461407300091861,0.27454361416461537,0.2138097678302394,0.43400610170920795,0.5575963700857742,0.6770137493378782,0.8311355098102177,1.0166370953760808,0.670252199689179,0.009206642760146048,0.01988005423557703,0.0370513030060812,0.005590467066380134,0.18300134388272704,0.24645093299153423,0.2750102263833421,0.21398041820243618,0.4271584973021661,0.5473924330975276,0.6722187427951233,0.8524850418950649,1.0077365442599984,0.6681669632859761,0.03749313357525001,0.0036294860460879042,0.010108151495110086
20443,14213,14214,0.03523855812011572,0.010958335803231932,0.055569946391369605,0.029305997125217392,0.37878283814090447,0.20343234313172429,0.3929500658696008,0.139834425284779,0.6393303324301367,0.5783830994382061,0.7593475348420077,0.9248201159649679,0.6583131150907441,0.9891320963864683,0.02158736902043091,0.002044086887189978,0.04592439319077382,0.027103498061705204,0.38147837148245145,0.2039372759850567,0.393611354934498,0.14131079537083535,0.6006394177494147,0.5657417992235023,0.9635333743672957,1.0096621197000784,0.6986031361165876,1.1102416390065122,0.01947390361250521,0.003723605023416595,0.04216688817495707,0.026742813426633445,0.38074541343785284,0.20400270923922753,0.39376997651830975,0.14169369911609692,0.5922948804056049,0.5643567192834897,0.938046515421738,0.9845186999130779,0.7323505616360612,1.0795860021627472,0.07135812135796932,0.029126173621900384,0.03523855812011572
20444,30620,30603,0.048693070457606416,0.031094860913730874,0.05803317431580344,0.056430552841610686,0.5097522821491018,0.516819338753981,0.5023628513333901,0.5590273788077404,0.7599440816052561,0.7658832388550975,0.9384548246257457,0.945216360797812,1.1203175883609353,1.0381669564773213,0.03618155585718001,0.024728072969990886,0.04323822457493611,0.05086760214064251,0.5096291115341866,0.5163858006232396,0.5048646847867511,0.560581715010282,0.715282234394873,0.747588582416777,1.0739579623611648,1.0356605941245236,1.3360575447253824,1.063222198846128,0.03420128120361753,0.019334933119879633,0.041897621177570905,0.04586452591158113,0.5114108110070259,0.5170051478789847,0.5043918184398035,0.5615662226939283,0.7091716098279213,0.737490882491721,1.1079469669963702,1.075975090523965,1.3849666803979173,1.1487766097873382,0.028816221602015815,0.044059303617955875,0.048693070457606416
20445,41601,41614,0.0647644407151935,0.03983752154157082,0.05628172042924475,0.027736306518886325,0.3893403892696894,0.4544083652762606,0.5300887480264886,0.4797762786012495,0.7135499603299287,0.7228020377536186,1.4907596401054166,1.8313769274718616,1.791139400079548,1.3622239920125558,0.0646117550233024,0.028133148002763512,0.044339163139662546,0.02401881937929934,0.39158090691797964,0.45500702569300466,0.5326540802552845,0.4818667067353454,0.6808098905855652,0.705989282665672,1.888725580703096,1.9800839879227456,2.100252230508605,1.477074764699822,0.05894695042823994,0.03681757624511002,0.03874844339512452,0.021608164692253393,0.3918632687290042,0.45497199136724203,0.5319160702219888,0.48088666714655715,0.6715309233652417,0.706315121019774,1.8314990548318295,1.9233465304317139,2.06684255817822,1.496925596870498,0.08645025037613094,0.033039391751725,0.0647644407151935
20446,29492,29489,0.0834815537651288,0.05011552674387346,0.06230197273751972,0.04554155360514427,0.3400713875194048,0.41630092531222895,0.3583329844187446,0.5719723399303305,0.6645112786856111,0.7785068202190281,1.3124829454283184,1.429395036486659,1.474223299900922,0.6978772464907589,0.05526365277310037,0.03415064242341924,0.03581094785151974,0.023435888277570364,0.3423382676612765,0.4170657295466376,0.3598844259920586,0.5706689028319684,0.6206155770733988,0.7542134724253644,1.5144600811843703,1.536778282825176,1.612785989595821,0.8105416891056182,0.05217646163845555,0.04122641733083792,0.023350955341441774,0.024215822938880638,0.34276782584815285,0.41676006473203947,0.3591475794297234,0.5699916641458497,0.5934311336371165,0.7501629964572101,1.6433466953044744,1.593576720891049,1.673954097424369,0.8388681044711502,0.07376235604829486,0.019570158596137626,0.0834815537651288
20447,16123,16126,0.0012333966488674059,0.013789952701282547,0.049215565575582335,0.01548309189107593,0.16300467092558837,0.3552204285275984,0.15461688758368272,0.4450469370039387,0.3620285721860259,0.5894079826613037,1.4830918601702847,1.3047035322732479,1.3791021498883118,0.75201109369717,0.000538485487099196,0.013021444584670224,0.042034030183367474,0.011311527128749515,0.16308476979414877,0.3553910166131554,0.1550380531315341,0.44667801921137384,0.3415246627539847,0.569836454078637,1.499879370337612,1.3317493335010586,1.43500120270238,0.8216508094935001,0.00019152620767868788,0.011924115613313352,0.03145634187917338,0.011725967547269619,0.16335241972158926,0.35588883186823467,0.155276525179458,0.44639679164042084,0.33323913815078166,0.5696853288901936,1.522337386927318,1.3324926494699474,1.4655948332017528,0.8023472739760444,0.016063581025890228,0.03992824033651096,0.0012333966488674059
20448,43183,43285,0.14036067398583305,0.03739909241003513,0.0909712537394362,0.08814998285505066,0.40952652622492175,0.5832016314517325,0.3847063343660745,0.5094104941142092,0.7288217580877401,0.7664599537205539,1.5458731882426426,1.4839181655145126,1.724544428518178,1.292511343638468,0.12738175549700223,0.024364482531291275,0.0673892842482075,0.08819651849680661,0.4136314067174239,0.5800533655815225,0.38682323906518035,0.5102196135016566,0.669661955822166,0.7497112006239922,2.084874186895119,1.5839479672930408,2.0184112169397084,1.340586614785564,0.11672080563532491,0.029406191973133534,0.05938814330315168,0.07766970308072658,0.41329967817581,0.5853798974529248,0.38846477513699257,0.5067897541334687,0.6530382521908829,0.7445208608679635,2.081916619298185,1.6094214323212073,2.10732792927798,1.4553813920194436,0.009537110349312778,0.14612946854486,0.14036067398583305
20449,16230,16231,0.015096167503333677,0.024017468530574845,0.04343101081906743,0.021223217249270045,0.11405449895688825,0.2406399312233843,0.0606979510870055,0.3879399816027736,0.3440952101521412,0.5886435228886803,1.546016637710047,0.963368395362939,1.422967029204484,0.8946951897420969,0.011977901397036209,0.015209811832454411,0.03876661868592747,0.017556867121431886,0.1141828459445848,0.24288058328888742,0.060902741453794,0.38811635865511457,0.3341596163992308,0.5678124427087857,1.5556143438496717,1.0726206626198818,1.4256430779959295,0.9600792568471034,0.009723520071808179,0.01691023279544883,0.03774816692219762,0.017402938992121673,0.11424812921080264,0.2431418292738864,0.0612136186941286,0.38917198545347254,0.3250146866111969,0.5629922192265436,1.5839888668542268,1.0931138432744836,1.4549953592293117,0.9348474001914604,0.04940322832810544,0.01993512672992127,0.015096167503333677
20450,17225,17231,0.003663951853083057,0.01762157582805306,0.06453036009816517,0.01169490507866772,0.17960459044703925,0.34630091384395434,0.13690506283362341,0.5775826433868646,0.37636376566458934,0.7423330232925233,1.5660211695326294,0.7182566195961118,1.4428655698629094,0.6508307672486129,0.013749909719275592,0.01524882066631699,0.07111241736540812,0.00957463266539365,0.17988497286877775,0.34632079602530963,0.13730817613585372,0.5784489072338903,0.37543590420999856,0.7308777569362619,1.5590397566284417,0.7601582258278783,1.4448123569807467,0.6574341502701189,0.016625736082755666,0.015826730476543562,0.07705670233932521,0.00971355703853747,0.17958200372258606,0.3473052721403436,0.13767169963981252,0.5792961033144755,0.37381667364640303,0.7283159056321284,1.5797242815055688,0.7784358531820702,1.446282522363357,0.6871248892386261,0.0006237305788956588,0.012747560225321001,0.003663951853083057
20451,32090,32082,0.06751966799143055,0.08567304917557979,0.05660780267915688,0.08636496434866701,0.3985313862025134,0.4795941698650134,0.38332294193172506,0.5015887318131272,0.7039798945458341,0.7221297334220124,1.6276200467507012,1.2637276722377322,1.1658100384648633,1.215394763168457,0.04292776595293104,0.07632221804527313,0.03603311559590548,0.07640878173697024,0.40272925921024344,0.4809451848954622,0.3872464087040959,0.5040854356109804,0.6526936626089047,0.7036894540627079,1.8863716191995614,1.4371007275408507,1.4177304063408271,1.2974894233510195,0.04265416023952102,0.07428172436864003,0.03720635475534918,0.07916940392635508,0.40337168468706447,0.479085811686865,0.3879457234716837,0.5039913426949912,0.6459179440406002,0.7008921515840132,1.8998526090533308,1.4058568861743637,1.4394909066677215,1.3034594233276449,0.026704246143545853,0.03195017213057417,0.06751966799143055
20452,37313,37414,0.052468288460565206,0.12917044829617802,0.08121136663777148,0.04693078646204614,0.466226272302304,0.4512655360657456,0.3987482066821344,0.5399923010145974,0.7371357934425444,0.735249973264788,1.4067836283835544,1.6234179562778452,1.3216448958490155,1.1205522770952594,0.043810087978515974,0.12060957545223355,0.07563540099707003,0.03591379525309208,0.4669834633907126,0.45190054434754556,0.4014390932444406,0.5411126155799156,0.7031950823402164,0.7089266562364772,1.5575508249481995,1.736879244009014,1.7299939458619444,1.1919030581480243,0.041854427402917685,0.11396092385789626,0.06645993671430837,0.03757670361692551,0.4678351025592502,0.4513467154641637,0.400924498454171,0.5429465162118831,0.6893834571832856,0.6995692616798902,1.5426754540125562,1.8641184001755238,1.6653052774618355,1.2427829516176314,0.0006184808972930586,0.05927675391085421,0.052468288460565206
20453,27047,27046,0.06462295350572582,0.049850969670138176,0.018697721829741464,0.025017691683821022,0.3860735830570375,0.41857408201458896,0.37833290353326476,0.4542847319854818,0.6663959370581793,0.7282991574545795,1.2249637066777168,1.271150010339005,1.2654220320660108,0.9344159493184775,0.051224200146641266,0.05029279357857382,0.024378085797054454,0.026358285392956288,0.39226973124837045,0.41967176945474094,0.379191382818222,0.4545577471162791,0.6573290536474783,0.7229722081040354,1.3468662368286795,1.2734580054716786,1.2307501431567462,0.9238734377776764,0.04571855648032061,0.04992023107792276,0.02549778668761352,0.023343738190301704,0.39119062245729624,0.42045833592734894,0.38131454541919546,0.4552046724001275,0.6432997327529464,0.7179666717620384,1.4025118006342987,1.3176742351523814,1.2514346743260805,0.9569509980161192,0.022859137976646828,0.1984221335491969,0.06462295350572582
20454,15447,15445,0.011574435779902189,0.05387326637827862,0.0032307193769277064,0.14073382233006582,0.2628507906063755,0.2856803293062071,0.24391037113427536,0.22122735587993447,0.5875757683157068,0.5351358300982607,0.9437484425884628,1.1570620209706814,1.0252241293487532,0.7860193623901519,0.005872080552069856,0.04415585864131726,0.002951822272856422,0.1278928957057848,0.26340604721654953,0.2863213491158037,0.24434742256184522,0.22280811102907855,0.5789629892498543,0.5076904644999226,0.9837653975094646,1.2112095812745143,1.0673840131958743,0.8423274650516887,0.007275903688436592,0.046021897343550756,0.0035962129554858863,0.12736064694498989,0.26378464197489854,0.28714633264241723,0.2460197149312293,0.22298970169064064,0.5751565239021581,0.5014810173383957,0.9900727368584323,1.2392784193028987,1.1447609850305296,0.8533660517378778,0.011049935886789037,0.005069627347926617,0.011574435779902189
20455,49563,49555,0.05984209697969198,0.04391125401515227,0.04924174728316816,0.015687996065484867,0.5223228342047954,0.6462804258182075,0.49994247943519937,0.5278526975246685,0.8016842797080825,0.7960338702956578,1.5145108923282073,1.6002063974129528,1.2353593322797074,1.382972895572037,0.0632432665107496,0.04846384267752676,0.042827200528979883,0.016434548379926455,0.5247987831607965,0.6478990935633927,0.4995232819473862,0.5286699766643704,0.7791130711967482,0.7987130162433588,1.599648089243594,1.5501051688433607,1.39099170176472,1.4155191285984488,0.045912131795049424,0.04108057836124478,0.028723098548418865,0.015802207411861793,0.5249126547006413,0.6485288703455526,0.5014686125657674,0.5297944657401729,0.7557430489708725,0.7944501266595942,1.7186209336517446,1.616348034208947,1.596266157643762,1.4579444739769514,0.0415677043618563,0.044053929820589734,0.05984209697969198
20456,14193,14187,5.417374799537103e-07,0.03856567430897569,0.02862816377897335,0.0204801181441234,0.1534959193019294,0.3664634001252807,0.21367067521113228,0.25967059231986306,0.4205014132126841,0.5274880222885159,1.1972864973734998,1.0331981299447184,1.1197548291654633,0.8367843943043514,7.772565797988868e-05,0.031289556676494,0.02424804104406008,0.015530963975141109,0.1536562472811642,0.3672169046020286,0.21405254853984718,0.2598193631647102,0.4078839072615952,0.504085374629422,1.2464849324556233,1.156020665511935,1.1423678653625216,0.8996973239802006,2.8930194648988785e-06,0.02970890447054362,0.023157896048146904,0.015515343572676985,0.15443227684458719,0.3675229114652961,0.21424371120682614,0.2600566341809904,0.4007154529213482,0.49871405925026824,1.268768380629175,1.1166390789743894,1.1735943879645911,0.8923920815147917,0.031159581135528722,0.0004178994122556475,5.417374799537103e-07
20457,14560,14559,7.372135459448979e-05,0.013111103421705688,0.00011966135344502385,0.022824962279369115,0.2156221239374498,0.4161433848277472,0.2847397416938562,0.3463414123705757,0.4449865802373441,0.5807961586814908,1.2555082476617485,0.878253032297354,1.1172260384302943,0.8314883686810558,0.0005174101668729095,0.011742292256154576,6.0990539836885565e-05,0.02458985104331948,0.21595408986945222,0.41737978167206596,0.28501119948519055,0.346840395957295,0.4381618843444415,0.5657102509656161,1.2508544876908092,0.9846258113334514,1.1105006999253246,0.8384108366690218,3.27510890963601e-05,0.01088512360248602,0.00020397634734990573,0.020112598827054316,0.21609425461786283,0.4181150101771128,0.28500790568003803,0.3472801542157147,0.43343102431112573,0.5569284387073625,1.2942492865629036,0.9592233577790683,1.133322986651197,0.8373167949796889,0.02427153973664832,0.0007653193597965899,7.372135459448979e-05
20458,44846,44845,0.03623330197733609,0.0396804044750511,0.05105394526029703,0.09061410800235256,0.5479131358216964,0.5358269814904488,0.4576986071371816,0.5675756239351237,0.7829299056689246,0.7853784464922678,1.3733160672646036,1.542799928224788,1.360824023618303,1.0881014528442243,0.012222516446772436,0.030561423523060915,0.02199617477982856,0.07765017208280606,0.5471012346866351,0.5368226145745132,0.4591493725924194,0.5685666063217736,0.7342495524808449,0.7571089468190811,1.755827999861066,1.6756068133374562,1.7011066019507872,1.2857269266924154,0.011696250743775425,0.025442836676346822,0.02486213052259666,0.07176668325178623,0.5479045001964669,0.5375843449819234,0.45917858440271986,0.5703911442542787,0.7315613875008498,0.7439460372311771,1.731090486044868,1.7122559424725958,1.7528954004852126,1.4126252094590588,0.008019057355918813,0.029225145902474593,0.03623330197733609
20459,42525,42678,0.0548811610049965,0.10022735039159239,0.03379019970800599,0.03457399464781432,0.43327487206906873,0.37365349479348403,0.3755005461741051,0.42599975216724206,0.7334231163224735,0.7298188615107516,1.7325813726551997,1.6830798218015461,1.4383153996501878,1.4728999339070774,0.05127660492882496,0.0830390281921271,0.025519753139328825,0.021933963682061835,0.43288300992556084,0.376402711961399,0.37672123306224486,0.42571744832531894,0.7206815748860189,0.6884601604635466,1.7639327860627454,2.0762830439091062,1.4636634424629145,1.5980477512107738,0.048291233828492756,0.07899711557667978,0.026110557516243346,0.0205974022059356,0.43539024330817133,0.3773938626524439,0.3763083184257732,0.4261573038552203,0.7171404532404069,0.6783105191793981,1.8395035908087822,2.2370036785992933,1.527526652470919,1.6611906203313989,0.028357808192039896,0.030176560532672543,0.0548811610049965
20460,38230,38187,0.08310592674921946,0.012936138236479164,0.05721715269822615,0.09067094281093228,0.39489866909919785,0.4448383396778744,0.4240336473897024,0.45241951359073057,0.7140074338526717,0.7282148506295284,1.637483769862032,1.598849356201773,1.4425090346717728,1.2333742359715159,0.07834228236013258,0.01617113374334995,0.057329500357853634,0.08348469603083852,0.3963155345331951,0.44559451487046225,0.4235171779957986,0.4551025853233449,0.6994369073400077,0.7033970503572118,1.6463924668635055,1.6504481902339396,1.5178325943402362,1.4544553693346447,0.07732503049560123,0.018149908995184517,0.04799039785788484,0.08161712460295792,0.39669710212786424,0.44487125332333344,0.4239843713020828,0.45373601339369585,0.6890916820622057,0.7019563821362156,1.6994875316142635,1.6497820530420266,1.578401843414442,1.4883815829201237,0.05955828562747709,0.08648670775538961,0.08310592674921946
20461,43886,43749,0.0742839350063787,0.04487227080927335,0.03985756867749955,0.06217050804118915,0.44624199806697257,0.5815612612492046,0.4934719644276081,0.5383677288624288,0.7585246416542509,0.8082015791587298,1.8867877964084259,1.316605349190373,1.1243284655001593,0.9878927157584243,0.05744260235028936,0.039680764039376974,0.037021192936107256,0.06057498114445601,0.4473800783361448,0.5829704904196208,0.49435145783605156,0.5395453218911268,0.7278908565770774,0.7905983264313443,2.094008274201832,1.4640866569982205,1.2300352925579536,1.0972557766268416,0.05694315541419392,0.037535594316359874,0.026763037543349102,0.055950131977321335,0.44930280010407353,0.5838448312136888,0.49401320598803466,0.5405768585106019,0.7168373231122723,0.777101193424147,2.149354910388227,1.4747875996015916,1.322286065547117,1.2151819121146714,0.05178009940531082,0.01589363157709861,0.0742839350063787
20462,33480,33511,0.09629423568590378,0.1141853580917358,0.06315557780447677,0.09073160010918804,0.5363047876949988,0.33212533238724296,0.5414787805029845,0.42728866768497925,0.7628426048360962,0.6767985772618204,1.0227370163050145,1.6558761807032567,1.1705139685110355,1.353490357700983,0.08512661172080167,0.11137258912103083,0.05126153734764009,0.08743144555921402,0.5371188601988206,0.33227681466673836,0.5423518458159338,0.42756241860125294,0.7338146213787968,0.6636983533979922,1.1573470764038543,1.7427839024642626,1.2584304841400045,1.4100682155935136,0.0806992504595883,0.11005331152649339,0.05067536568321503,0.08802667668568419,0.5367451876691579,0.33117398517834284,0.5430691851043401,0.4278405725815462,0.7273332297261156,0.6613332401946892,1.1885384527611829,1.7481260367314988,1.3388746074607103,1.3827958870590562,0.07200019527670615,0.03431388409591605,0.09629423568590378
20463,8959,8956,0.023019407661613634,0.02904720924890784,0.019823324891121204,0.029033934231180208,0.143222634520543,0.10658323475266805,0.1668468958397757,0.1315210507424835,0.37510764068133506,0.3443324054983086,0.6767832512096585,0.8374847548881061,0.8828327037002672,0.8297715407055114,0.02238130009480944,0.020319256074934653,0.01618749523002447,0.02015208179511467,0.14350056766137428,0.10710958187335493,0.16691650021472082,0.13237929582987126,0.3633569106400434,0.3157782843540693,0.7050766722075251,0.9210163531360619,0.8873248112852775,0.8690878056302097,0.02378052743345876,0.020132027069463914,0.018954023038148218,0.01953307352545208,0.1437602750590186,0.10717504959344522,0.16731502514426888,0.13249100636949035,0.3570011859706614,0.3085583958779605,0.7082762158911187,0.9076887553956824,0.8945193155011582,0.8695591779876278,0.011914191670207226,3.059023205018258e-07,0.023019407661613634
20464,11795,11795,0.004131821257857683,0.01924064953305839,0.06974162855092463,0.04237482792143513,0.16717215878192992,0.30172051618489915,0.22374359172757147,0.2661931324839605,0.4471318508166838,0.5561376073727844,0.9754592623670322,0.6357515344208367,0.8087882211487961,1.01642546245596,6.888363134538966e-06,0.008082685440741623,0.06236424233192261,0.03989349076596631,0.16723860611274038,0.3025917371317684,0.22443373312917841,0.2671774799742966,0.42942034668411105,0.5402076006826859,1.033566714504396,0.6970010199472235,0.8459419231198639,1.0904974120625581,0.002477704424736346,0.006349045484411318,0.060666884827445644,0.0348980094409919,0.16760226705948625,0.30324627209536936,0.22496827150903903,0.26749679199887594,0.42695506285032175,0.5246940539261623,1.0032445189108623,0.7277839548687524,0.8465061427140869,1.1106235472060684,0.001272621089318603,0.003367749398327346,0.004131821257857683
20465,26587,26589,0.08261975029804179,0.07945504549637929,0.048870950998736715,0.02147733244498781,0.44044112529562446,0.4676495388895227,0.5125518733299448,0.5235409994251623,0.7444898501150312,0.7197307040418428,1.0225078282022138,0.9841323691859187,0.8895009668207449,1.0744521882867826,0.06355876039917818,0.08007453136410168,0.028168930843411922,0.014307270430189836,0.44243463044106207,0.4676159965024581,0.5140978407560327,0.5214901912021442,0.7075385038181019,0.7075556862507172,1.1492805056975348,0.9693468583622072,1.0152608624603545,1.0775266074627392,0.06601914914000404,0.07650188265021632,0.02891785180984368,0.014055541614444368,0.44248207062093714,0.4685900403097477,0.513347178452799,0.522520023674954,0.7058434463303899,0.701261534378481,1.1587962452686507,1.0306079585879806,1.0284578402775506,1.1194823521960713,0.03269843303280848,0.021349907391956205,0.08261975029804179
20466,33253,33353,0.07143527797766593,0.029745926424561007,0.09650189076732991,0.007058652815881581,0.5103264309704987,0.5220406624555407,0.4859954005342437,0.5710392424299685,0.7460502685661932,0.6995477276790875,1.159474843568584,1.4516465398079108,1.1762315946875053,1.3219568083206408,0.05409131768894022,0.024086440674865782,0.08087520983470341,0.014540630024663988,0.5071142185418671,0.5208738682630583,0.4862280839643418,0.5722996116658369,0.7030520666997019,0.6931617207467279,1.3271778831606242,1.551340316690102,1.4173190172009316,1.3673340816280444,0.041901067052947785,0.024493559416241376,0.0771484845069611,0.01623640448791862,0.5184817279381011,0.5204434247024851,0.48627095963138717,0.5717332360415548,0.6945347717368612,0.6922231071220641,1.3990334206891661,1.539835383100945,1.404790477691945,1.3656682742458262,0.0854013353494025,0.08537121133835723,0.07143527797766593
20467,53566,53614,0.06498198274175275,0.08098662138222133,0.09320578191121627,0.031091662157386388,0.5786192156889036,0.37298563789395833,0.48431092912912227,0.47148130184209636,0.8115884390554317,0.6759215906203457,1.5242733786557672,3.4534444973343668,1.247955249677738,1.4514403765884922,0.04781725363319983,0.07235496258046566,0.07258145389862024,0.019230456698589155,0.5782311296408484,0.37224721423424734,0.4866007427987068,0.47009287417668505,0.7681270895396584,0.6388459996505075,1.7710319050531957,4.080909478613004,1.623846522859038,1.6743175624741007,0.04043577604450639,0.08573264704461467,0.06204821933480731,0.016479985139408085,0.5778254569639507,0.37387302804111044,0.4875423068209668,0.47164026716248786,0.7647671666300536,0.6321748201101596,1.8106615724918207,4.012582887959471,1.635913337293889,1.7426623548011422,0.04420978795603221,0.04419096044950566,0.06498198274175275
20468,35639,35635,0.048037996025875426,0.045903539096363535,0.049832452108631395,0.023160637137670116,0.4566696091242272,0.5491450992671698,0.4665256023996314,0.5155899876747628,0.7295581314079643,0.7636661850256762,1.3891685160049116,1.4677500729164925,1.2949432321835534,0.8986426848966313,0.034212259901351086,0.06479767694248391,0.023778156963092094,0.022774400026669694,0.460709941332323,0.5504621426987483,0.46762772613624004,0.5157393523837878,0.6683255384057446,0.7602795761739013,1.6799365250722589,1.5452597717359857,1.4542822746621304,0.942988988086736,0.03132978418962861,0.06036535473415774,0.016420477058529302,0.022936390954541246,0.4610945283533446,0.549702972107719,0.47037440892774635,0.5103430497839212,0.6585035309598485,0.7484129699987739,1.756688696646799,1.5717482672352725,1.5738518031179407,0.9338045447501473,0.007036297890758035,0.03491189672769272,0.048037996025875426
20469,20528,20527,0.030464969669248304,0.008750272868612193,0.037442841784117664,0.021468948006890948,0.37373297260782345,0.42594840880442925,0.38712385060358107,0.27415598658829976,0.6113729875390683,0.6081650369235994,1.0568536098884935,1.3233334143894837,1.1579156657554983,1.1926859532128458,0.020573637293787108,0.01572226195573039,0.037026014956909756,0.0035892908926604865,0.3719713054104022,0.4263503562443962,0.388112245317598,0.27522711619181706,0.5990856739725092,0.5731817487241957,1.1237749670004982,1.430652022205751,1.200830795188331,1.3115280447848148,0.024598569849901334,0.0003557515623849273,0.021256010559714413,0.0018310489891106882,0.37269720954514496,0.4271334714798489,0.3880671719512931,0.27498623397890176,0.5921502976751395,0.572762558802479,1.1224278885092593,1.4695216660233177,1.2252847697193199,1.3147790792100253,0.028870270008025674,0.07880487037672314,0.030464969669248304
20470,11352,11346,0.00011164372557095725,0.025083651922230214,0.031152930534978838,0.062238292220738484,0.19376052704240365,0.3405788007341426,0.27010430252992795,0.43815679599295104,0.4002530174501622,0.6764651043939566,0.942397917919786,0.5340251182997787,0.9346156545990321,0.4813707893684065,4.7459461764230425e-06,0.0066859894099597994,0.03081859710652827,0.047407536861479825,0.1935932676258993,0.34234235010966124,0.2704908570344251,0.4393146541628926,0.3870640848407626,0.6335531202573931,0.9503242884092277,0.6589791327348585,0.9957159071953493,0.5696362880535683,6.697734052991592e-06,0.012437697296156717,0.026637772351043077,0.048758822141621985,0.19456792033612696,0.34247138727353843,0.27044434310461507,0.4395071969563639,0.37982253398901267,0.6316524531828771,0.9695446443245205,0.636329153910303,1.0042345244314328,0.5496225219499679,0.0002401384882089997,0.001155111603385459,0.00011164372557095725
20471,15083,15082,0.0011498614618704836,0.009616002517181583,0.020164330252248862,0.014472959557731927,0.23807649517863486,0.1327595714435669,0.3769299150161285,0.10651538236560489,0.5880554261304672,0.4691784023527278,0.926256205037315,1.2871061580838008,0.9363656202690465,1.3704589635333009,0.0008012604350943046,0.006859697391986702,0.01964843177933038,0.013117742564452686,0.2387653250626723,0.13295572757723423,0.37729299071844946,0.10672216137424155,0.5831047601070029,0.4626199320709676,0.9511503956840218,1.3217093885460158,0.9701863308872382,1.3597563317555255,0.0008883673023159752,0.003848966270542991,0.02266890198780086,0.011733763924177985,0.23921503464700006,0.1336401502160125,0.37754689524048013,0.1069913238934876,0.5795514884034169,0.4464976374293966,0.9707330588560048,1.4046941317337391,0.9749801149893774,1.4165607467101784,0.019889687763207962,0.021586230197149503,0.0011498614618704836
20472,16454,16454,0.05520314132643979,0.01356857052115627,0.010337445349135659,0.005638262346210256,0.30103352648425163,0.18429198551950646,0.27634359801686115,0.20345679985628304,0.5554747514869818,0.465080439271938,0.9766104913666105,1.2999697807332116,1.0314202409988569,1.1569490918429641,0.05739261689147641,0.008577852588885883,0.006649522571280251,0.004934562624740342,0.3015601852196877,0.1850655631343751,0.2761580652612037,0.20399792072849615,0.5509149932012721,0.4570243704686668,0.9707285369732928,1.3475711836827593,1.0324333386752642,1.254153700107562,0.05820530469826221,0.011387178726647627,0.00923848845324847,0.0016768751652381437,0.3022235933809054,0.18470919207059772,0.27647798488674186,0.2049716593119256,0.5492459123405734,0.4504379399399069,0.9813900200693715,1.3318792034140106,1.0480680805748805,1.2255903244264066,0.022576496111075987,0.04169667647937026,0.05520314132643979
20473,55213,55131,0.07777312951100158,0.015922402497917282,0.09564503058673487,0.018254385657860556,0.38967933432276725,0.58041800979034,0.4512480824517427,0.6850732485783173,0.6776193269837515,0.8567302867264313,2.6101890452219516,1.586961946413607,2.4108786453852336,1.0502967075939171,0.07335243757529525,0.011870199575881228,0.08027242701224543,0.01593631370477841,0.3899160325468544,0.5814029698588508,0.45119352010589364,0.6857554636927126,0.6554198168932606,0.8530183732454171,2.7623311341454624,1.7635594079099308,2.531060811611093,1.112869810732154,0.06702285558029268,0.009447778750816933,0.07946620909029013,0.015145408172068107,0.39091624771132066,0.581082431435987,0.45143427222712845,0.6875554628408108,0.6441807197905843,0.8497850864305675,2.9956736194194375,1.7688915283703024,2.613687143915002,1.140103602782156,0.09216634896234417,0.09272915297468173,0.07777312951100158
20474,59022,58765,0.09581355329255375,0.047644071892527444,0.09876106369856702,0.045213149502871364,0.47984079256718176,0.5386419811887794,0.4887090725427396,0.5771604488150248,0.7264498981750313,0.7966335134283797,2.3790912840422522,2.3453145663992667,2.1118678032836438,1.2857732277974954,0.10274815411569097,0.04160759391122963,0.09582901868001106,0.03017111370316255,0.47927901927989625,0.5384784267785309,0.48851067069783755,0.5783725236185773,0.7239292558376142,0.7783515154900785,2.3397781350585274,2.661569493165199,2.133368659267323,1.5860726903204296,0.09767472671538037,0.044848911140665304,0.0945533643833679,0.02180053113305227,0.4793002061643385,0.5386850437152341,0.4868520369285075,0.5780569718228983,0.7194113187436889,0.7758426441059537,2.382589520119946,2.659385110559634,2.1759477717098146,1.5923889292554345,0.09429989339081847,0.10967329765362915,0.09581355329255375
20475,39652,39424,0.0899066061344642,0.08155754178171704,0.10036312847360652,0.014411911286028119,0.36046344004579234,0.4112092331938936,0.44873344075557825,0.4234449207440498,0.712745283135827,0.6493887337266665,1.6188129620777818,2.8004085443415727,1.5504751849965732,1.111560054564255,0.07586146315054894,0.08383521096445964,0.08843575954974095,0.011271174253804887,0.36187625994885286,0.4115757317112457,0.45119525634701196,0.42458493718588547,0.6790312154405338,0.6205663198700287,1.7851500511015406,2.8948400114662896,1.7041318220434725,1.2028207416487016,0.07427003047441426,0.07189492112838775,0.08547182683747492,0.006597354389324043,0.3609582397413687,0.41214799466745916,0.4508543859086481,0.4252502213604097,0.672508061877715,0.6053446951175196,1.839936359916312,3.0161514472924393,1.722404633275788,1.2783834793852535,0.08269242983057504,0.14200556710513965,0.0899066061344642
20476,38189,38187,0.08279755526464945,0.012936138236479164,0.09447170119469755,0.09067094281093228,0.4082366848331544,0.4448383396778744,0.4574733777859032,0.45241951359073057,0.7392833987024996,0.7282148506295284,1.426894063700787,1.598849356201773,1.3403944293465018,1.2333742359715159,0.058649002064740975,0.01617113374334995,0.08779567142693359,0.08348469603083852,0.40961228287739965,0.44559451487046225,0.458433102158387,0.4551025853233449,0.6961630277409031,0.7033970503572118,1.771728440716193,1.6504481902339396,1.4555149152340727,1.4544553693346447,0.05406692893402127,0.018149908995184517,0.07823398505879116,0.08161712460295792,0.4109726437778227,0.44487125332333344,0.45868320156082054,0.45373601339369585,0.6806879919627891,0.7019563821362156,1.892734126506336,1.6497820530420266,1.5106933227881787,1.4883815829201237,0.025881345750039933,0.06750769169651291,0.08279755526464945
20477,16393,16397,0.05893043382019435,0.009225335789640906,0.040300482061058844,0.012740836995826274,0.23905634006840637,0.31192451176646246,0.17396378792379494,0.4496572887223126,0.5384804367242688,0.623370067158463,1.090238705811647,0.8828714555325962,1.0095617100122947,0.8328893751050612,0.05423987783060797,0.013384670985034843,0.026282107313809717,0.014285223294183677,0.23854823344912368,0.31305017953236136,0.17452249604009892,0.4499656928141463,0.5119825992388181,0.6109073921495373,1.2089953003147986,0.9531161848735564,1.069710817753101,0.8112071641835977,0.05264130145367523,0.013317133669104735,0.028244141570718886,0.01114524187678196,0.2388460972313033,0.31372525021776654,0.1756736624252189,0.45015595449789375,0.4900539261450817,0.6044694061394934,1.2674152330925448,0.9476126633855172,1.1441988940070908,0.8508981801311251,0.08435794860123182,0.030013670484509272,0.05893043382019435
20478,17566,17591,0.07719021960655241,0.01767587547855032,0.05076440887531005,0.021020828430241376,0.2624378654339011,0.444414462765345,0.22370752684511427,0.42521973564025733,0.5610049291576854,0.6156983806277075,1.0652856545594116,1.0312851299109167,1.085415547275928,0.8506000529207917,0.0740911546305234,0.016456003534373292,0.05525610072864058,0.01778987303897926,0.26324405849432797,0.44395873908410166,0.22382724167201132,0.42467591390090753,0.551130125778808,0.6083357467610517,1.1160317281749847,1.0585109388602618,1.0712196472684254,0.8950374373245579,0.06792104400970961,0.011756584044549285,0.05218376062610673,0.022722801014774363,0.2629293294940164,0.44422711607302273,0.22356182960434015,0.42510153896837316,0.5461928774610251,0.6066434630048811,1.1231039840456598,1.0623529426343103,1.088523150826521,0.8877777821179195,0.0785420806663697,0.09171483058020082,0.07719021960655241
20479,36786,36689,0.10915469770717759,0.07657022938585244,0.13058665668094582,0.08492178078350215,0.4442788747431915,0.30251687891507745,0.44541181065123664,0.3262721196117861,0.743310714485861,0.5498429802527058,1.3088868230953759,2.4007370351893695,1.3055754787731257,2.206561769593925,0.10459876408957537,0.07197333747836954,0.10559342698442509,0.08783376084208054,0.44550816974645996,0.3032404014708429,0.44908431524233294,0.3271514893128435,0.706645779101662,0.5406700605058378,1.4082343770195527,2.5015490266253533,1.5465339786381638,2.3365554387575873,0.10068455464542539,0.06882488669326975,0.10412814441109834,0.0840568252621131,0.4442816641991441,0.30337566870185734,0.4472466870618873,0.3266111572361009,0.7055276696615034,0.5339347362288229,1.393160176194119,2.538789437034491,1.5972924170835583,2.30208500936686,0.07495773732823313,0.12103510296486249,0.10915469770717759
20480,26561,26534,0.09146531475667934,0.025499906547173337,0.10143568712085448,0.052071482662028296,0.3791648701063923,0.3526696056879588,0.4119604579929014,0.4394751631613538,0.6760955548452543,0.6386435225033086,1.1953903582422614,2.1533247069128536,1.201833107415146,0.8491154054225251,0.07731533482454812,0.037335734069826404,0.09340250467750931,0.0549161888395079,0.3796768410149523,0.3526169919954299,0.41285471449332817,0.44021127156384954,0.6490149985655779,0.6353799072263675,1.2969238959464944,2.181603230440213,1.229545414311148,0.8448709034205294,0.0739460930736128,0.028971964555767876,0.09549872421427365,0.05411490771919927,0.3796837111272628,0.35242531698839585,0.41314839352644384,0.43958937399819303,0.6436445997591734,0.6302120634325834,1.3551451871874438,2.1920137344823996,1.2427001956832908,0.8696997059408509,0.068352640711111,0.07967048839060047,0.09146531475667934
20481,28100,28146,0.11981195414895257,0.05494801722302153,0.1682876108445645,0.03325029577661586,0.33812447137854257,0.3502832415437844,0.4562696618559374,0.4219616321383568,0.6996261902899816,0.6627034404348708,1.01733779336024,1.6960643591706748,1.328982948745371,1.1336548341325328,0.101643279594933,0.055093372987619675,0.156131062247287,0.04070873539158266,0.33852669615026626,0.3506244687371216,0.4560992640482954,0.42156262462153044,0.665337122664299,0.6550225309308879,1.2197065580484154,1.880886285994942,1.3978635748790955,1.1776822124795632,0.10014800890537011,0.05262428445703404,0.1516717629793731,0.0422068241934913,0.33854479562810014,0.3490924324576367,0.4561546554227188,0.4218319562689309,0.6582031467050998,0.6507885766027692,1.2170981557046006,1.8569202396852196,1.4293434878195703,1.1902914339292439,0.0539447399887259,0.11885302448337723,0.11981195414895257
20482,30095,30104,0.13188595502303319,0.01576940797025285,0.120168041062429,0.023965948106275184,0.31698543127593776,0.4576047561702962,0.4330294510022646,0.5047963933224934,0.7715435313596042,0.7123582830937718,0.8645496467179861,1.0709621922266848,1.0504380232248058,1.4100423383375926,0.10514684600707541,0.017879186615119166,0.08510858821150842,0.010485107831228848,0.3211387057634835,0.45788897674242773,0.4351283527421797,0.5062837395869851,0.7043554571308981,0.7004548056799039,1.3284130690404334,1.1115313961570175,1.2967168789526222,1.4817791272478393,0.10554254617164045,0.013196312341022762,0.08445979449869138,0.01761343898359973,0.3210096810871127,0.4578841321711038,0.43490046906299845,0.5051802866001194,0.701778007916223,0.6966211455872479,1.298811526901153,1.1714498773415971,1.335568250935736,1.4711822859182377,0.054803763187285554,0.06545363356192958,0.13188595502303319
20483,45150,45206,0.06189813271263081,0.01853476008137613,0.025592850277230912,0.06371925702416813,0.5095484021870275,0.4296742616674149,0.4370341912530712,0.45936312206708096,0.754924013425972,0.7202654247623757,1.6390186687499562,2.198584310926976,1.4864306215740375,1.4433410845861179,0.039604984531261586,0.03019741611885951,0.025997746262456788,0.04841950692133737,0.5095145982445493,0.4317420477896137,0.43827721383917434,0.4570111164596248,0.7138349493573,0.7085939104307217,1.9196268235765883,2.183684206147728,1.563852138470276,1.5935045592638764,0.039690997268737406,0.03336360100430231,0.020456783451119846,0.055425488977577084,0.5099863349498172,0.4309555424283268,0.44079968156519295,0.4591842390929272,0.7061779238442472,0.7136719495434479,1.9004413676627543,2.1214167424583357,1.7548841115834952,1.5743918744445744,0.060338229716938384,0.04063451789426447,0.06189813271263081
20484,84600,85484,0.1042609084403338,0.037725326723993445,0.07172609967359803,0.009297494300144152,0.467513721029415,0.6090247843604157,0.5298536857981666,0.5426498991259595,0.879961496255931,0.8499409870744643,1.5793805378599088,1.6300409869246582,1.2256137327082135,2.0772822842466607,0.08893122558628111,0.0361825026670036,0.043932189232497705,0.03569929087067307,0.4735793156014927,0.6106040209557521,0.5327786626182106,0.5405083224939782,0.8233982424505328,0.8561988961668674,2.234033420380712,1.60550960845484,1.7033284583524075,1.8556386137934344,0.08207291134851773,0.027767488418878494,0.038653534328193795,0.02047964443746929,0.47159561372270586,0.6089370158177062,0.5327714099375963,0.5425315629977459,0.8153083364714347,0.8429300520636064,2.246113380369657,1.769086479535807,1.9178103478523583,2.1081008628859568,3.057586212267884e-05,0.05437515023298499,0.1042609084403338
20485,52713,53181,0.026579246688741336,0.0930389256704049,0.07554448020614474,0.05308662288936842,0.41832017363536056,0.4515276521858544,0.5770032479788265,0.48423343006687114,0.7769320779561615,0.7470595826454789,1.9782686789522181,2.5900602720179227,1.37188940301853,1.3655228694679482,0.02596655886772311,0.06230727515376444,0.06156908196435956,0.043319261933221755,0.4221461512790421,0.45250248895990697,0.5731250497303457,0.48642446637789255,0.761200192965369,0.7207234775921283,2.064434913117216,3.2744774392976708,1.432854612877021,1.5036082945569882,0.017961381206424352,0.06407749814085228,0.056593602871416314,0.03851290625749302,0.4169369809274926,0.4529742268553493,0.570403368700514,0.4858545793912494,0.7491071675647856,0.7085557206420486,2.1725218256301875,3.259296181174068,1.525052031546045,1.60303110532213,0.040010518425542034,0.08020448957393947,0.026579246688741336
20486,64012,63918,0.07667292409348787,0.07760066695068123,0.05261350344727163,0.018925616691098702,0.5447438329878932,0.4163766575987292,0.5923480461595824,0.5403430950497475,0.8278159381319178,0.7473618573863243,1.8878948212685762,2.956258789157202,1.2636192689017767,1.7733989585082446,0.06237726531813336,0.0721392013654322,0.04233723120531772,0.0367236950444165,0.5488660753060959,0.4143390617479214,0.5912346073101811,0.5429026465361866,0.8024036873089779,0.748778367170606,2.0646429532892827,3.2984649091282328,1.4328877110823635,1.7193576413550868,0.0662798968863654,0.06749613734080824,0.036227195897303846,0.014753776439525742,0.546039036731002,0.4135974168412163,0.5922340032198545,0.5424613418669431,0.7986897839507954,0.7339506298344178,2.130636130492851,3.267837707764836,1.5756403378923016,1.9324287721679052,0.008034487958172609,0.032589161427368125,0.07667292409348787
20487,47347,47688,0.06982289501504386,0.05762850972940953,0.060004244019627964,0.031973779642282964,0.505357002570901,0.5214374973018253,0.6313210883279996,0.5669598855219122,0.8194446504984227,0.7506332918116083,1.3418245341678914,1.9540725012556648,1.1562022216585348,1.4215150721821976,0.05355928832692164,0.05090724551584805,0.04147235753529109,0.03133414062429693,0.5087166011422751,0.5210679932742387,0.6311318982539875,0.5691475902888786,0.7781931784475625,0.7415366167208237,1.7585994722154652,2.1922245978173645,1.4358755135719097,1.435180356218772,0.05095851814411561,0.0419416780633991,0.03703738622048159,0.023614400752685474,0.5064333636867283,0.5215823561264252,0.6316156509206496,0.5684386432342518,0.7741021935589485,0.7299983716763272,1.6991384688833926,2.3083574855502276,1.51329260615635,1.5002600603299958,0.023542075299628963,0.055954214514657055,0.06982289501504386
20488,66062,65825,0.050788677743861976,0.15785983576528073,0.06502270346396806,0.13931375673074717,0.49406336700232406,0.1788705413285946,0.6091539800078044,0.10976162626457311,0.820966287231183,0.5429800528986252,2.3444652585632255,4.41841025688012,1.297225743719853,3.9350544528510016,0.04199900995567548,0.07130222524984782,0.06069336462866939,0.0809710459179601,0.49383288579317797,0.17957882484214274,0.6064656276869806,0.11226096042646842,0.8121823381327313,0.39230994636847477,2.8356046968677515,6.037285433780499,1.353951462819975,5.3151516959455565,0.036023888623633316,0.07501953832254361,0.06008650987201857,0.07934768327618684,0.4957278022373726,0.18057763800033985,0.6110165792008737,0.1160005900948564,0.80226638391231,0.37886154122870624,2.884546921806746,6.1854502107866,1.4396273604958243,5.368000039194792,0.058119879639991975,0.05119059600114438,0.050788677743861976
20489,87762,87739,0.06308698117453292,0.08489077266469057,0.08260372570087648,0.054128043642483255,0.5243980975817518,0.6028676639751382,0.5938029551586862,0.6624029865767709,0.8211941412724737,0.9026195169297002,3.200061883323953,1.5177558842802852,1.5021770535285872,0.960654445294288,0.0635453350678204,0.07271329902801378,0.06704502870056123,0.04352017464603041,0.520019856526054,0.6015181652722508,0.5996215659232788,0.6621359512260884,0.8080621254063464,0.8727119978985396,3.404358340089516,1.9635651489994652,1.867281193969326,1.158027821569979,0.046854982798104815,0.057351790058708454,0.029698000564537266,0.031109021686991783,0.5222518649334136,0.6068744841856815,0.5932676512301207,0.6590320969608782,0.7846817172413879,0.8478798269505319,3.725106427404688,2.124875733823397,2.30010786488009,1.5233578922021545,0.04627286551036892,0.16066707447574527,0.06308698117453292
20490,158235,153602,0.07732858572504776,0.07108188627194251,0.004524166173068128,0.005477722266639431,0.5843738691200686,0.5541620826481424,0.7481046709991388,0.5964919718594602,0.8842277894018098,0.829523719483358,2.3538717591361165,4.245951436505076,2.4744533959101376,3.380411990462873,0.044679537066514764,0.06505606124131025,0.06114779549038818,0.0664805828233443,0.5859461375594937,0.5364525881485743,0.7535328312182705,0.6002922556742835,0.8703408566553156,0.8305283149055463,3.572541058229007,4.011076577138692,2.378405526854127,3.3672536965305238,0.006810879653191632,0.05095572497940045,0.020454427944059977,0.07500252363869588,0.5749647801547798,0.5566399629197748,0.7563346506443067,0.5986725788778979,0.8652634134786865,0.8356201325005238,4.966479748564759,4.461975851978477,2.9581825454683117,2.7509413385341475,0.02357468204403831,0.026341882093817492,0.07732858572504776
20491,31635,31547,0.05008360200697187,0.03850975554320055,0.03220890409756597,0.03264411404585368,0.4076056445415678,0.4484074191370571,0.4802928713196433,0.5763176154989884,0.6947215072326037,0.7471092887084634,1.3332455064862205,1.2215444836075058,1.322558302608778,1.1181793842326446,0.04538887703049882,0.033013175906607864,0.026025922139028136,0.03245985906221122,0.4090291769585717,0.4492876691431307,0.4811071056238337,0.578602499092328,0.6785003722207421,0.7252567547929183,1.3754173274778048,1.3455722147282891,1.3414980759287858,1.214353616195175,0.03613048086182383,0.03367951216521904,0.02213222553263158,0.022711553178420427,0.40881635639290725,0.4489124514901918,0.4811536043707061,0.5791357120695028,0.6621511579064915,0.7208708784598088,1.5048676351722596,1.3647556853380833,1.4310246500082722,1.2405198571798277,0.030572860929713758,0.025083403195093137,0.05008360200697187
20492,22895,22874,0.0411884205213974,0.03558067690205735,0.020760953209616517,0.056970062896226026,0.43259849494229025,0.4945831218850128,0.3973574216080778,0.5241474248601712,0.5969809953562591,0.7271448543328675,1.4124109512735616,0.9056153525491226,1.1515584226525386,0.820205946392715,0.03849583072543536,0.02769406496696213,0.017650897192023993,0.046877945038169735,0.4320224132957935,0.4952589255593097,0.3985222505420915,0.5267672373023423,0.5871095343794673,0.7082700343828374,1.492764697587076,0.9659429193050434,1.1904446747983979,0.958031727246647,0.03038337360023163,0.028574755948026012,0.016185057169635413,0.048431999093720375,0.43412802974403525,0.4960364967984319,0.3978072921332465,0.5277093576321626,0.5782321169222471,0.7051384982650345,1.5100658556575393,0.970585062418817,1.2340727179990445,0.9182397124563624,0.0034655121740685825,0.055076515993031545,0.0411884205213974
20493,65053,64792,0.06006355638405268,0.05987187268712837,0.08031089568028511,0.061828535712200317,0.5728124087305866,0.5884244712048424,0.6263526964030234,0.5856401486005047,0.8250709703006105,0.8476116187640428,1.909987383449824,1.77286412664271,1.311427965085925,1.0064979423060474,0.05716766229881337,0.05417225069783565,0.07141211326897001,0.05090972997685493,0.5763928614302156,0.5888003196343211,0.6267856960750046,0.5865179260318488,0.7958619038875406,0.8248976989501678,2.040856378702449,1.8829697932901706,1.5919920341807068,1.2239215967627837,0.06218357228097913,0.054554645433248165,0.07185474837901103,0.054113163982230296,0.5726522411977738,0.5883690975665449,0.6275942403009201,0.5867272992241517,0.7949623014038633,0.8255644014429919,2.0306142216527743,1.918334120002451,1.6522147693358111,1.2146255749395658,0.04747523039955275,0.03551577923852998,0.06006355638405268
20494,57426,57457,0.08056619126582219,0.054303094855877934,0.08033178898966106,0.03276086393989469,0.5192021051077752,0.3951862957020385,0.5962504007336444,0.6267286312992902,0.8380777704358796,0.8402993664771243,1.2992977875771048,1.864851990347109,1.312209100112132,1.1833006473618495,0.05390459953849007,0.044719362030974395,0.0714284324131181,0.031210232841004125,0.5215496643679697,0.3953996892878392,0.5940059500772609,0.6282319033831685,0.7973237538098275,0.8285087564819534,1.6863172000544522,2.076332101918536,1.400468727758559,1.3160124943063518,0.05495126043573298,0.040183847868199576,0.060813777036960344,0.026224976943581422,0.5204049240248007,0.39604308690095835,0.5970318438018922,0.628075041598443,0.7767191126419997,0.8239018303105976,1.8749262216935585,2.0774018125161784,1.6383497826459303,1.3659746376385846,0.04627814069969734,0.0355782592679006,0.08056619126582219
20495,88951,89122,0.07287303941781219,0.09455845893962589,0.05919888245540235,0.05724667491744489,0.5989749190387816,0.49574597133138915,0.6359487239691363,0.6202135702805148,0.8383385016152214,0.8155117291444285,2.188084874412832,4.497891020997671,1.7947688218212865,1.6169985445735455,0.06900677803083823,0.06840761932482121,0.06129157735178021,0.057814520199696344,0.6049375413585056,0.49304307209669096,0.6428552953614769,0.6155455718724155,0.8308326534144392,0.8105676601005676,2.4853569883111084,4.175216846881026,1.8267120333769606,1.6342783206737639,0.07261490590625033,0.07100084873818417,0.06054281734648768,0.047592433339546686,0.602663940150445,0.48970833828343885,0.6401173726092986,0.6175125275350203,0.8337947484150726,0.8150871897992784,2.319474955667645,4.149375283146289,1.8576874415526226,1.5914848692558334,0.07635020609198526,0.07873294505943892,0.07287303941781219
20496,49840,49874,0.05374538765010104,0.04169060507844559,0.050274611504664335,0.07082659357242564,0.4903242062813383,0.5365067097602118,0.5230092036225115,0.47857627549301723,0.7156246324577555,0.78444104578486,2.095440951693603,1.5859902542672986,1.8412630366178901,1.3821625727806781,0.03946653819674719,0.043885522622599774,0.03779507056403464,0.06175282023902934,0.494229118453977,0.5389793665807607,0.5216513799546951,0.479258033234864,0.6898851696725142,0.7680138286738906,2.293777587658607,1.6737915973031632,1.9834600522616352,1.4391252284334508,0.044237319800341554,0.031892447028962025,0.030223235539797635,0.06555046852610448,0.4911857985407984,0.5384097837951602,0.5224670554455314,0.47774410101362913,0.6850864589089163,0.7594785899252822,2.2834956345420045,1.681039799271884,2.0813050400342425,1.571172392796657,0.016187873264959865,0.050571544579786916,0.05374538765010104
20497,55401,55350,0.0476120618482396,0.007046401214797711,0.07239421766671886,0.05359386803630839,0.539290512803482,0.4482311988097489,0.5621341970286192,0.5498610623424733,0.7864806719624277,0.8063266926757103,1.7902628753657104,1.8337115587162531,1.5169901238664756,1.3617540768387866,0.014747573981981763,0.02261192318842917,0.05202608982700243,0.04580232544968413,0.545433429856526,0.44944974264467163,0.566050122284779,0.5504008749933401,0.7197100693604463,0.8020280967988513,2.2441851906799255,1.8861586531398926,1.8985273738631048,1.4987057356074065,0.015625724049674487,0.020634852525195504,0.04881917100094538,0.03939867729394871,0.5405671595468398,0.449809838949256,0.5661823501542965,0.5495173813233711,0.7095969343485137,0.7921511198563289,2.290706779980112,1.8808642124726265,2.0563606563773105,1.57562040221732,0.04609874626217449,0.034111737564253015,0.0476120618482396
20498,27318,27323,0.0519669465773313,0.00021760470686011285,0.026046445440297442,0.014778977128923272,0.4635124643759248,0.2580367765105629,0.2819440484231442,0.24636530162841175,0.6160108275984031,0.6046507068146934,1.7977855397540878,1.6663785346077518,1.3282102891937095,1.931912853243259,0.04532894409421729,0.0005146484673423012,0.02593262243225159,0.02641144983709977,0.4642669866155748,0.25816815429131795,0.2835815896320603,0.24653388602769874,0.6142983119126482,0.6062934792208041,1.880959851752442,1.6540328983611745,1.3833721217464852,1.9120067077892522,0.03855507876374035,0.0019310616150632694,0.020357700467615866,0.025808151998420098,0.46499502251837216,0.25909282142169865,0.28375550432002566,0.2484274944585275,0.6102939445497225,0.6026188470536973,1.856851016930072,1.6735014809793163,1.3709269057225155,1.9280081752276066,0.04951627166790628,0.03428619089201944,0.0519669465773313
20499,21677,21674,0.04157044580038167,0.042190049305552035,0.02608773196653737,0.025729847500262158,0.3502434703324995,0.34901863086254303,0.38521688799391707,0.34638877701495474,0.5767618312604501,0.5743196300987092,1.3748592515886466,1.1817775856521708,1.1744053196410347,1.4132810511270715,0.032936665103035265,0.03079730119566084,0.022050741129360944,0.023438946920794283,0.35060693452942937,0.3496876370891146,0.3854733835957176,0.34689351384543987,0.5594911404846731,0.5564977869197945,1.4502065199431315,1.277864700991593,1.2197641814721036,1.4148846812455382,0.03363827855219329,0.02924785404275578,0.021608857711866564,0.0205172027851222,0.35016808166154073,0.3495877652064015,0.3859450422880279,0.34722290106110376,0.5581720949501353,0.54969614375984,1.4516717082136856,1.2921276974777336,1.2318230735634885,1.4611155311236093,0.07474987024532558,0.018829227373826904,0.04157044580038167
20500,36945,36906,0.024168860331427428,0.0903303134083091,0.00037760918975304156,0.05566606893846499,0.4841363716886108,0.3148597832926612,0.635736876169244,0.5524761849546931,0.7553526679838856,0.6975308862291955,1.3999309560747808,1.8769029488619322,1.297288206697599,1.4543419744905883,0.01613344414489856,0.07504847935726548,0.009894796355109564,0.04410191980507968,0.48507404963521056,0.3174862441886671,0.6347228874723164,0.5539808157839363,0.7551565817811206,0.665437251511999,1.4941178301818396,2.0910218842214676,1.2839860971329777,1.566348818442058,0.019747660338361808,0.06617193001717403,0.011973365282647915,0.0214099850431591,0.4857446259724469,0.31974084410695236,0.6361484808839735,0.5528189122667017,0.756923503645148,0.6505444508216186,1.455775769892431,2.197688350919406,1.2462227654247728,1.7251012612157481,0.0506311322117725,0.06299114204906514,0.024168860331427428
20501,54452,54376,0.11853855311870863,0.07862942585689825,0.036934057593270904,0.06883372452143267,0.504706564730758,0.16282009352430385,0.5906311228688653,0.26584743155074764,0.8296915709183992,0.5738607747620269,1.086490907094627,3.55539917977217,1.35687696856523,3.3282473810523023,0.0728399208695454,0.07665639017301877,0.01618082678586553,0.09329086897520386,0.509828604724433,0.1636104538386056,0.5913038240661123,0.26716014466467736,0.758964246545681,0.5707498746849132,1.8435983677406877,3.641131198523224,1.6877735087278667,3.1589644602735696,0.07187171777334565,0.07207824559767884,0.022991781311985458,0.07850081804159383,0.5109703474228633,0.1640103089038717,0.5915546026183903,0.2682483300596209,0.761226021575507,0.5538164499471513,1.9159519463748786,3.8219488689293075,1.6880514068079777,3.3897856586152244,0.049425884520001,9.711537671192559e-05,0.11853855311870863
20502,41208,41227,0.07770295379254674,0.04708099713178844,0.045202199189616175,0.028360349618582175,0.5662849169703041,0.6107793278198683,0.5346699948671043,0.6327639563965943,0.7856711342739492,0.8490317025538542,1.3590648014258289,1.0842033679367462,1.105560028966772,0.7254121607952255,0.0645413381895333,0.03581384320021745,0.030444331012436637,0.025756591440041294,0.5670585517235096,0.6167632014633658,0.5356986469502713,0.620951951209978,0.7537338444059771,0.8256007991920342,1.4855498404022338,1.2434125319430072,1.3238053128218241,0.88505377509657,0.05386083053362418,0.035133459272722184,0.02578210978427839,0.02772508888408282,0.5672872524350422,0.6138201925061765,0.5365836268022507,0.6204216500158836,0.7359083486512611,0.8165226642611039,1.63855258561666,1.252409546152695,1.3896178164066586,0.8682852479584855,0.047668644925064736,0.05626900718325601,0.07770295379254674
20503,44733,44762,0.03351001900128207,0.08048037247967885,0.05863892389481717,0.05559335619714717,0.5179241452646347,0.4397413228987198,0.5565900137088762,0.5204229970816159,0.7441777563804699,0.8039416716887166,1.9628011616173797,1.3610048377696249,1.2307029584280476,1.086754261141174,0.03227858852552591,0.08049151014862259,0.047773401755576976,0.05118714935178427,0.5195111079603287,0.43994323896999527,0.5574197375867,0.5221692270979742,0.717896373868399,0.7929469032048609,2.130694847822083,1.3742725569528806,1.4824745388995726,1.1046145619522945,0.031180876229122127,0.07870099008968937,0.04402191944335976,0.04467774454729169,0.5208104177971095,0.44058808907218927,0.558360098519117,0.5232409568573027,0.7142884349160529,0.7846616157788148,2.128952835465663,1.4553704084174808,1.465050340921483,1.195394884185542,0.06011581738711735,0.032213578335236345,0.03351001900128207
20504,45081,45058,0.03785553499551351,0.05210908052402063,0.021381151737419828,0.040132827575607044,0.6418874524179472,0.5107289933341229,0.5020984542435704,0.5702492635625458,0.7968185446644324,0.7835206485130918,1.5074225403205646,1.6174206274991403,1.3422038179289901,1.132197996920161,0.03901399745855113,0.04062285473380454,0.0212611873392622,0.028604314997414552,0.640803641947884,0.5123704654093725,0.5006677037744935,0.5725269390917311,0.8001170612874485,0.7575096817931163,1.5064103703052396,1.732323287536004,1.3913946027191104,1.2941244506060532,0.03722830017684574,0.03294923373426561,0.020436918090124705,0.024983440919592627,0.6432660271228501,0.5124035368882176,0.5025034814008272,0.5734254077564552,0.7920117650298397,0.7486119862886788,1.5750685271973692,1.872676154434912,1.3892138745066076,1.3746428918670763,0.05416722960883105,0.04743288307141746,0.03785553499551351
20505,24426,24393,0.034407151187536504,0.03733071814892512,0.08269923632030202,0.022995864778419278,0.3448337876786344,0.36447878258166455,0.34991292794789813,0.32722461813220177,0.59002447004974,0.6711980549911012,1.4394363537084889,1.3017955572569242,1.3146470859303536,0.8905058441516701,0.035331170497636066,0.012233346454172157,0.08333451166504377,0.015799366353277847,0.3460390137253368,0.3697436647224945,0.3495944927047953,0.3288447161716212,0.5868591388698023,0.6088277165535975,1.4323294125298673,1.7057375055747954,1.3072861399949678,1.078245669157548,0.0327684538685536,0.011408616248848277,0.08309888089049403,0.01246250745569359,0.3459642002089467,0.3695008772501154,0.3495641775105059,0.32876440750394953,0.5833250051206808,0.6030776565826158,1.4363928800502461,1.6517365370886608,1.3155716703549476,1.0407784078662272,0.016630323476323847,0.005438948713838245,0.034407151187536504
20506,22402,22377,0.030652822743481984,0.029797814450121727,0.027462767464885785,0.02936136358746455,0.37127337818785827,0.470952177085048,0.3767002298103915,0.5873841789334026,0.6541062621206161,0.7070750926197478,1.3413982127996562,1.2026750865384237,0.9694462531394694,0.7537533704811764,0.02495794136797131,0.022452130813702734,0.02485952250718983,0.03255069699989915,0.37131720464691825,0.4711168614623442,0.3761958596536963,0.5868193808973086,0.6449872935899928,0.6953195384213037,1.4393168274250867,1.2953945232353592,0.9753231458495284,0.810151559531672,0.023344713602279396,0.02708151350440415,0.02419244452453649,0.02793279918999086,0.37168517084925645,0.47172677276423414,0.37767417869935477,0.5861011025632349,0.6390808896960259,0.6936314869564512,1.4172100535485836,1.2673964734460366,1.0109702337937385,0.8147540513997621,0.055846741556368,0.011215224734514884,0.030652822743481984
20507,44164,44257,0.04633201171441061,0.05460573093145693,0.0808789340736805,0.06834232911757393,0.5199684370452611,0.44046418996347436,0.5770369335145176,0.5761702201312631,0.7444450400559254,0.7442557689486101,1.6085661334525982,1.5547810411824785,1.510847002532017,1.5975215302967654,0.03697702885039471,0.06995056589575667,0.06722605825057039,0.051307523850204824,0.5228033201800002,0.44150136379489274,0.578408686726309,0.5765000059662637,0.7104655117346506,0.7184511120872956,1.785319451954237,1.7246104804280933,1.7269112687040946,1.637376327830818,0.03168679061414072,0.06457764906255031,0.06835529110278973,0.04731682744013923,0.5201376090812764,0.44229568425795507,0.5767812851017875,0.5763065262868708,0.7016012851381502,0.7114207878394299,1.8427896675347113,1.7697194565717942,1.7113643422148366,1.7404122716614343,0.012132543575505557,0.035025844394478735,0.04633201171441061
20508,51422,51228,0.04855007955808028,0.042581219219595706,0.05461294350878081,0.04900153500576349,0.5136651207434635,0.3953952481250437,0.5320789860188324,0.504826496495677,0.7171682067058593,0.7138287146642386,2.492630029587219,2.8787144636571322,1.5631511745057558,1.5759152597808053,0.04282559975518406,0.04014237249107976,0.044207639116645804,0.029577164622062294,0.515782753056238,0.39301059437890357,0.5324684086175346,0.5057823209008199,0.6978266739506203,0.6998222325593763,2.6768681331791946,3.2876714579151187,1.7446334804625103,1.7137133530374247,0.04171938148868129,0.04744558016729993,0.0451198145918095,0.03665815557214155,0.517825750516237,0.3960756381451492,0.5338879039230491,0.5038888901611817,0.6921660279189473,0.6988160803710662,2.709020412041068,3.193899561843037,1.75033283819824,1.730264893859558,0.09097350706947349,0.02336082101674793,0.04855007955808028
20509,48555,48616,0.040227194700289674,0.0024105426758605207,0.095750223659685,0.047179151262821954,0.44509213021586624,0.43210311175742105,0.5035529518815255,0.36482847386572276,0.7056773691552226,0.6445569904690344,2.108328446885413,2.8096315646372836,1.829815223480357,1.1984076616644745,0.035790122544340996,0.004604899242068827,0.08411190591646897,0.05444627932369436,0.4457607160425927,0.43348042572691325,0.5049921725956217,0.36340152945514786,0.68200971655555,0.6415191796436704,2.277445896120788,2.800910573525981,2.0014035845557325,1.1441192097325066,0.02803679609525818,0.010906710082944339,0.07339858676260648,0.043743968303761885,0.4458054701967201,0.433874059959824,0.5051742160567602,0.3652620250762259,0.6633997519444255,0.6363008763115262,2.4193306599225304,2.845903053199637,2.191814414927264,1.3409484821500315,0.02806622180786313,0.014861966103269474,0.040227194700289674
20510,53473,53614,0.048825915738633895,0.08098662138222133,0.04534277013885556,0.031091662157386388,0.5194168224443291,0.37298563789395833,0.535252195469594,0.47148130184209636,0.7313005527813826,0.6759215906203457,1.9321389978960477,3.4534444973343668,2.015074462018064,1.4514403765884922,0.04123937559440693,0.07235496258046566,0.045178656651001695,0.019230456698589155,0.5237325974141043,0.37224721423424734,0.5362773987814091,0.47009287417668505,0.7224161167615014,0.6388459996505075,2.0629186913373174,4.080909478613004,2.0421790079845414,1.6743175624741007,0.04297911924125119,0.08573264704461467,0.042999689907524306,0.016479985139408085,0.5226232192877281,0.37387302804111044,0.5364200797819859,0.47164026716248786,0.7216597140142869,0.6321748201101596,2.096915560811033,4.012582887959471,2.1041585476098286,1.7426623548011422,0.01140756535043919,0.03658263258411824,0.048825915738633895
20511,38411,38419,0.04870495295834314,0.031952286243149414,0.030482977026217006,0.09420871447885126,0.461831935626579,0.523474224379007,0.4860949954518249,0.5488974750440709,0.6984587516905693,0.7890921243888888,1.8242494673418173,1.180876694581334,1.4537054315135556,1.0030196275081966,0.03617827446290586,0.019962689903555274,0.0200044043003519,0.08230987361234647,0.4637431733407742,0.526270404446964,0.48720431211444243,0.5492489623388181,0.6581663827849661,0.7578955488061776,1.989175462516452,1.313234080370904,1.627786960164637,1.1229478307415108,0.032291208095887446,0.028504091934061664,0.02132426345292588,0.09430996978493873,0.4655092243321486,0.5262753864106692,0.48869572992905314,0.549048017900555,0.6566508318444206,0.7558564334898138,2.0847264914560575,1.3501101418242893,1.6599252550005363,1.1602126622563027,0.06805711110236504,0.0204815937102096,0.04870495295834314
20512,42544,42678,0.049805083132149194,0.10022735039159239,0.07310485174129668,0.03457399464781432,0.49204638647847865,0.37365349479348403,0.5610627113073499,0.42599975216724206,0.7798016513854122,0.7298188615107516,1.351478369592908,1.6830798218015461,1.32418365319115,1.4728999339070774,0.040994836755498525,0.0830390281921271,0.06062479759030094,0.021933963682061835,0.492748245337229,0.376402711961399,0.5615651793484951,0.42571744832531894,0.7564052649979142,0.6884601604635466,1.589045617229868,2.0762830439091062,1.5534102112073283,1.5980477512107738,0.0352560805107432,0.07899711557667978,0.048464897656141204,0.0205974022059356,0.4928323801748494,0.3773938626524439,0.5622489185900779,0.4261573038552203,0.7400355047330237,0.6783105191793981,1.6461175894400826,2.2370036785992933,1.6895578246391747,1.6611906203313989,0.06288852166027999,0.03134043364135271,0.049805083132149194
