date,slot,phi_SB2,phi_BS2,n_B
20423,open_1430_60,0.02663862542492075,0.019426622828448613,65256
20423,open_1430_30,0.0256454868503782,0.01997572510222373,35171
20423,plac30_h2,0.03431821073298437,0.02079011972725288,29217
20423,plac30_h5,0.02127306236620853,0.013568999115180697,10945
20423,plac30_h8,0.011615967304098874,0.01083335381151089,13076
20423,plac30_h20,0.013419708572202461,0.01247062444949986,15950
20423,plac30_h23,0.00637820498789439,0.004592923938019963,7166
20424,open_1430_60,0.01810441423764538,0.04831446656806007,90984
20424,open_1430_30,0.02746283266967292,0.029349199719924727,33659
20424,plac30_h2,0.01080414621676538,0.008075399064247247,9970
20424,plac30_h5,0.005750660908879448,0.006889368964245233,8535
20424,plac30_h8,0.018808033098768516,0.010195453517133381,10827
20424,plac30_h20,0.011169308789435848,0.013915279676187577,19951
20424,plac30_h23,0.008714985781720714,0.012906743107064399,6417
20425,open_1430_60,0.03017076876747624,0.009988375530658842,86142
20425,open_1430_30,0.03248657571351701,0.029650463820544887,52204
20425,plac30_h2,0.01583413270275919,0.014907286604429578,16374
20425,plac30_h5,0.011860569926242681,0.01574305257883524,17132
20425,plac30_h8,0.014896372788900552,0.01214390896802551,15907
20425,plac30_h20,0.008893566002337943,0.01373219592747223,16053
20425,plac30_h23,0.008853306631812803,0.009252129890035177,10350
20426,open_1430_60,0.027909862722359863,0.004770191512669953,61243
20426,open_1430_30,0.021663295384905187,0.008496643177951279,28988
20426,plac30_h2,0.005633514106472182,0.018176975975350566,13694
20426,plac30_h5,0.0076200574273413285,0.0003909295681752708,8505
20426,plac30_h8,0.001609372137427374,0.0008735986063044824,9395
20426,plac30_h20,0.005298659098064896,0.008959172153211258,16896
20426,plac30_h23,0.0029531326954372037,0.000701919256402771,4395
20427,open_1430_60,0.011243469102275618,0.025264441639860538,75465
20427,open_1430_30,0.02305895408957444,0.01739848765459407,33938
20427,plac30_h2,0.012061157661674798,0.008103393636593055,6320
20427,plac30_h5,0.0028195145795451167,0.011744675266630148,5034
20427,plac30_h8,0.00582028000995752,0.004696651119314516,7304
20427,plac30_h20,0.007794813917156981,0.010209575022236041,13238
20427,plac30_h23,0.0022991390654225436,0.010576515496138333,5067
20428,open_1430_60,0.014702286077265554,0.016402341295272793,18233
20428,open_1430_30,0.003044796677935519,0.008733423161413543,8996
20428,plac30_h2,0.0015232815136304162,0.0018085687633219536,5261
20428,plac30_h5,0.008357461458938292,0.006624359420195485,4194
20428,plac30_h8,0.00921066292318566,0.0017725821543449407,7908
20428,plac30_h20,0.006602419301198511,0.0005706883160349527,5152
20428,plac30_h23,0.007339278869327033,0.002229104136073092,6611
20429,open_1430_60,0.02380526014057615,0.018301125510865036,50903
20429,open_1430_30,0.029759061056964672,0.018705483203510686,25714
20429,plac30_h2,0.010379804034637818,0.004406283839600027,5374
20429,plac30_h5,0.001089381359765511,0.0044086187149167165,3194
20429,plac30_h8,0.008006796080349725,0.00397786140536968,5459
20429,plac30_h20,0.0023555785316911643,0.009093428195073888,4835
20429,plac30_h23,0.004674735477787065,0.016036677378779614,12044
20430,open_1430_60,0.029988277668087163,0.01765802442424582,83757
20430,open_1430_30,0.017421422517348427,0.01482740612782634,43061
20430,plac30_h2,0.006255332647876974,0.0053120485954091905,12862
20430,plac30_h5,0.0024629389436429915,0.008158821811366191,6670
20430,plac30_h8,0.00135647834809236,0.0185360944123189,9087
20430,plac30_h20,0.005714688762114443,0.010055748527957004,15885
20430,plac30_h23,0.004190203763567254,0.004584323429987359,6291
20431,open_1430_60,0.01857736822420723,0.014193163676170578,62576
20431,open_1430_30,0.007596778289735732,0.0103304354768052,23916
20431,plac30_h2,0.004756296486100865,0.024864910648542307,8835
20431,plac30_h5,0.010336932027680514,0.01580820631560229,11443
20431,plac30_h8,0.0001189982330742575,2.196529976605993e-05,6908
20431,plac30_h20,0.00896819396100389,0.010164826200436851,19111
20431,plac30_h23,0.001326390019233283,0.0076618973601461126,6256
20432,open_1430_60,0.009787678053281412,0.013131673359217862,43445
20432,open_1430_30,0.01147368423294412,0.005649012101232353,24402
20432,plac30_h2,0.006074514438899054,0.007813970201370535,8078
20432,plac30_h5,0.009906670544534013,0.004018167023969361,5168
20432,plac30_h8,0.0027480694107205133,0.002573753438636042,6169
20432,plac30_h20,0.025933471871323433,0.013955447622961857,41324
20432,plac30_h23,0.01580155564196367,0.004218430023029719,7112
20433,open_1430_60,0.02297747516540049,0.021190610791901657,70535
20433,open_1430_30,0.028937861631587132,0.014743501427689746,35778
20433,plac30_h2,0.017560474099377985,0.009921762312026877,19949
20433,plac30_h5,0.005134527186174016,0.00604644180669417,6864
20433,plac30_h8,0.008385216927687768,0.005184963535161492,8640
20433,plac30_h20,0.007210026370285654,0.014494240152364694,21718
20433,plac30_h23,0.003869445152216034,0.0048047236754071194,11032
20434,open_1430_60,0.024145269238141545,0.016851223489504734,59223
20434,open_1430_30,0.015768239304695647,0.015681280890231797,31361
20434,plac30_h2,0.010779119833995173,0.011066438791821186,11170
20434,plac30_h5,0.0028402813454173267,0.00476373748958028,7084
20434,plac30_h8,0.003219044215210303,0.006658648961507128,7914
20434,plac30_h20,0.004910037652645025,0.0038093131225422077,12578
20434,plac30_h23,0.004526852723568036,0.0018345669026616645,3077
20435,open_1430_60,0.008741188235171692,0.010706092196298924,16405
20435,open_1430_30,0.009572054734530903,0.015942778965735427,9266
20435,plac30_h2,0.012966816839573252,0.005942310842771339,2942
20435,plac30_h5,0.0007984864904597931,0.002786789825944753,2711
20435,plac30_h8,0.002801621027766731,0.0032070184870809045,4890
20435,plac30_h20,0.006968069645739313,0.014318268748151248,3106
20435,plac30_h23,0.010383989170832133,0.013183953294318875,4892
20436,open_1430_60,0.012728383770880685,0.006817035275863147,23014
20436,open_1430_30,0.01731197886878339,0.00592256828594015,12614
20436,plac30_h2,0.009000908749780394,0.0013741831306567551,2385
20436,plac30_h5,0.04817745801652938,0.04047232884007787,4964
20436,plac30_h8,0.010851340386876993,0.0005727718786776172,2477
20436,plac30_h20,0.0032475976721066495,0.002548986542963474,5858
20436,plac30_h23,0.02889629978261457,0.01706275685542146,23193
20437,open_1430_60,0.04320243887799427,0.006944352584440553,108145
20437,open_1430_30,0.029937780228164183,0.02205688390787125,46767
20437,plac30_h2,0.009287399930177024,0.011088404442243932,10142
20437,plac30_h5,0.008369930858108984,0.00014379353537950928,5353
20437,plac30_h8,0.00043408527191328026,0.0011582768779483188,4451
20437,plac30_h20,0.015769710456157257,0.010695415956086404,16639
20437,plac30_h23,0.006337875617596029,0.012210142272001775,8924
20438,open_1430_60,0.006608302160699742,0.03936124982890135,80079
20438,open_1430_30,0.022964985351284925,0.03651507623718795,47771
20438,plac30_h2,0.012319341097353815,0.003010120243206043,8318
20438,plac30_h5,0.016839756662601724,0.014942693572483273,8334
20438,plac30_h8,0.004373188173656486,0.0032589798819962685,6501
20438,plac30_h20,0.0065348106141074535,0.009333876413256054,10487
20438,plac30_h23,0.003366352955679761,0.00849448249138193,4565
20439,open_1430_60,0.04217301028562159,0.020273539964400195,116032
20439,open_1430_30,0.03728075086379717,0.04289682712049937,64025
20439,plac30_h2,0.0021888523293356354,0.009125886432325684,7945
20439,plac30_h5,0.010636678025226323,0.011742821932555818,11034
20439,plac30_h8,0.01018915239353223,0.005651573096768024,8618
20439,plac30_h20,0.014427124083649023,0.010349562154395298,12789
20439,plac30_h23,0.0010469348080708316,0.007501669851961132,5504
20440,open_1430_60,0.027979335711598524,0.021956917305564636,83391
20440,open_1430_30,0.02742460798924212,0.037301439294771054,51902
20440,plac30_h2,0.00988082827012792,0.011602717934820685,9440
20440,plac30_h5,0.004437840132857288,0.0038886536654687137,5848
20440,plac30_h8,0.0036292367251611894,0.01534420238952562,7631
20440,plac30_h20,0.006121182891811803,0.006795901737704948,22283
20440,plac30_h23,0.014582459009023323,0.004743413705308102,5381
20441,open_1430_60,0.022644752821305507,0.03816905664540978,94275
20441,open_1430_30,0.015994930548552326,0.026406846766625306,44728
20441,plac30_h2,0.01233835791907245,0.014446681904358188,14156
20441,plac30_h5,0.006810748147295682,0.009569691477488387,12324
20441,plac30_h8,0.002105457055431502,0.02048721703706005,11230
20441,plac30_h20,0.013860317593235688,0.01982929178803073,17415
20441,plac30_h23,0.008362802273501325,0.0011660496995190544,2752
20442,open_1430_60,0.009104305168423253,0.010763155662265343,8811
20442,open_1430_30,0.0002893587774918376,0.012003666444663703,4569
20442,plac30_h2,0.003053426402855698,0.011344001830749607,6043
20442,plac30_h5,0.020821425333374728,0.015371591970606497,5697
20442,plac30_h8,0.0006537429510965291,0.0021081799101032653,2689
20442,plac30_h20,3.059023205018258e-07,0.015000894617213876,3084
20442,plac30_h23,9.475878414655731e-05,0.00023391581826617388,3337
20443,open_1430_60,0.00712070810291335,0.00813146273514727,10496
20443,open_1430_30,0.007502639377817108,0.009039391969188858,5751
20443,plac30_h2,0.0068894105455279365,0.007528846988273907,5762
20443,plac30_h5,1.216457553050737e-05,0.016664401822006684,2189
20443,plac30_h8,0.009716060072856266,0.025751574144918028,13189
20443,plac30_h20,0.0002963133056452052,8.766006173190072e-05,2183
20443,plac30_h23,0.008670651551191545,0.008413385284125887,4532
20444,open_1430_60,0.02238022471458377,0.02886125021731032,63236
20444,open_1430_30,0.02162465419857492,0.022685215269833442,34992
20444,plac30_h2,0.005625238937820899,0.0019788119263241368,7304
20444,plac30_h5,0.002636516829071224,0.008735141433496664,5060
20444,plac30_h8,0.015361115679091424,0.012331513709752691,11773
20444,plac30_h20,0.008986300736280945,0.006193932007622932,14801
20444,plac30_h23,0.007517414966007666,0.008210626737132376,4415
20445,open_1430_60,0.03442329571977599,0.026212545640863425,64283
20445,open_1430_30,0.02635403587362487,0.025584349993997925,36393
20445,plac30_h2,0.019830888651683833,0.010110334906803376,7301
20445,plac30_h5,0.02005680050084206,0.01492049781022763,10281
20445,plac30_h8,0.025575720909407504,0.016453175080892665,6914
20445,plac30_h20,0.01082595719206942,0.01774417641894115,20538
20445,plac30_h23,0.008354252527362951,0.014359063783192304,7360
20446,open_1430_60,0.021856116990761763,0.02160543140495068,49250
20446,open_1430_30,0.026268767766273494,0.02160329288303067,30908
20446,plac30_h2,0.02284684540930921,0.004844044394898467,10421
20446,plac30_h5,0.034511405521098354,0.015937241841773676,8718
20446,plac30_h8,0.013620534451491095,0.013618441052743825,5839
20446,plac30_h20,0.007279476632009395,0.0034875418321839396,2769
20446,plac30_h23,0.010647038719750547,0.019085307049779444,3099
20447,open_1430_60,0.013093861857343169,0.032818231341287286,17891
20447,open_1430_30,0.010547905058994958,0.029512076674020022,5200
20447,plac30_h2,0.011198579703138244,0.021844440160717685,4643
20447,plac30_h5,0.0004595278404100839,0.008170507969079515,3577
20447,plac30_h8,0.004645836814119857,0.00356614439350931,7623
20447,plac30_h20,0.004455720628587708,0.009207544060657494,5315
20447,plac30_h23,0.03444619700050565,0.01643994919388153,16692
20448,open_1430_60,0.04899662752717287,0.03362536612790865,94409
20448,open_1430_30,0.053571247495470826,0.033194825444926204,43006
20448,plac30_h2,0.01542776937540697,0.0198661173307392,34092
20448,plac30_h5,0.003474292937379225,0.0032682364108406825,5029
20448,plac30_h8,0.050431327080798886,0.042833876599192425,10447
20448,plac30_h20,0.004295180532500632,0.008174160481645215,7752
20448,plac30_h23,0.015714292204967825,0.005635391606004715,3834
20449,open_1430_60,0.02700561061366553,0.03151214809927422,10495
20449,open_1430_30,0.008088462343617084,0.0349044498276216,5177
20449,plac30_h2,0.02116407382081719,0.017984803413966938,2384
20449,plac30_h5,0.09931262892564224,0.0365445895344451,3179
20449,plac30_h8,0.0005135789678854995,0.004604366456644896,4362
20449,plac30_h20,0.021770497950026984,0.00971122282403868,2660
20449,plac30_h23,0.013202386164004857,0.023370618546376266,5768
20450,open_1430_60,0.01732647421701673,0.034596253405161204,12770
20450,open_1430_30,0.01988119054150496,0.04726217961617239,6437
20450,plac30_h2,0.011300595375983187,0.006795100681945202,2269
20450,plac30_h5,0.00017149401172055886,0.00125092239959616,3903
20450,plac30_h8,1.3947088933579988e-05,0.028082226634861693,5264
20450,plac30_h20,0.025940449121995123,0.024881667402959554,3464
20450,plac30_h23,0.017321199267971307,0.029202513742053248,6479
20451,open_1430_60,0.019725219961030598,0.01823486135636768,55684
20451,open_1430_30,0.02191494497494934,0.022538008695176078,31989
20451,plac30_h2,0.004839983384909452,0.015123103831990767,12914
20451,plac30_h5,0.020049347016498947,0.011658027569499982,6184
20451,plac30_h8,0.04429216137890889,0.03330529402397334,9638
20451,plac30_h20,0.011998798201620012,0.005911751780397325,8044
20451,plac30_h23,3.059023205018258e-07,3.893038300928787e-07,2983
20452,open_1430_60,0.030142293781700025,0.04167106013512723,58985
20452,open_1430_30,0.02607523820293355,0.039337212362949146,36004
20452,plac30_h2,0.013327938095632718,0.01934525551998036,9393
20452,plac30_h5,0.006945795884715686,0.0011524668868621848,4138
20452,plac30_h8,0.008966878755902298,0.011461074377952404,7568
20452,plac30_h20,0.008997834666956977,0.0028971240796643967,6207
20452,plac30_h23,0.00392703867725465,0.002878234281460658,3010
20453,open_1430_60,0.05106813159672546,0.06545593115185165,50819
20453,open_1430_30,0.017690561638175884,0.012748946454316741,22784
20453,plac30_h2,0.004581993144794084,0.033549448775202405,5090
20453,plac30_h5,0.014299234714016817,0.043208294856206454,3524
20453,plac30_h8,0.01074057828717081,0.00991116154933262,4808
20453,plac30_h20,0.02141637102583026,0.006151838056014123,11684
20453,plac30_h23,2.4462043381124e-05,0.007933390826136665,3113
20454,open_1430_60,0.01280834809863596,0.01398901343120627,10294
20454,open_1430_30,0.0014943800790655991,0.007445981083542758,4749
20454,plac30_h2,0.0010006248365777837,0.0016915004417852445,3497
20454,plac30_h5,0.0011530478927016454,0.011789925177929247,5127
20454,plac30_h8,0.00011024121970260315,0.00013939043231660976,3522
20454,plac30_h20,0.0047012655226656664,0.00011804740691759909,2822
20454,plac30_h23,0.0016941895459765433,0.015730118496330405,5985
20455,open_1430_60,0.02979522560299717,0.016855864098383147,88924
20455,open_1430_30,0.022250934526410786,0.020826452887460403,53587
20455,plac30_h2,0.0003155147789993211,0.012659694192404095,5250
20455,plac30_h5,0.00014139444491536712,0.008238945743765476,4422
20455,plac30_h8,0.00038560157061167673,0.011095648999407966,7588
20455,plac30_h20,0.010124093770453658,0.005504996145092332,8308
20455,plac30_h23,0.025699412245815643,0.0016336939962398437,4779
20456,open_1430_60,0.0040696902077049825,0.01588381442957024,9613
20456,open_1430_30,0.002403905665673494,0.008109015123424441,5497
20456,plac30_h2,0.02233628573348281,0.010107091954001881,5455
20456,plac30_h5,0.02810659447549965,0.0278796771402863,5374
20456,plac30_h8,0.02498431816834353,0.0013128618993310892,6030
20456,plac30_h20,0.0012807117000910048,0.01924634832732414,6244
20456,plac30_h23,0.000671049707741791,0.007330469218042134,3867
20457,open_1430_60,0.002518097736784514,0.0002036501302031709,11164
20457,open_1430_30,0.0056396220891897575,0.0015014594807441386,6493
20457,plac30_h2,0.008267344555514686,0.005758488362434536,5004
20457,plac30_h5,0.004921544982435024,0.00431504377810632,3629
20457,plac30_h8,0.0023197997466760305,0.016209551784575185,6144
20457,plac30_h20,0.0034053134546556487,0.0004221575901164628,3344
20457,plac30_h23,0.007291609162459447,0.007012229694400192,9042
20458,open_1430_60,0.0014822077658940155,0.01360469871461299,77304
20458,open_1430_30,0.01042988968083443,0.022112593753994637,48661
20458,plac30_h2,0.006515530476566303,0.006716617686757726,10464
20458,plac30_h5,0.00690976685550477,0.0018895851705537222,6380
20458,plac30_h8,0.0027169283442822407,0.006655307421465525,5156
20458,plac30_h20,0.005228239348898387,0.001493809633050958,14598
20458,plac30_h23,0.0040982390403800075,0.003949884432890663,6155
20459,open_1430_60,0.01187877350820312,0.0016231338993466784,57512
20459,open_1430_30,0.017010038402623936,0.010606230122752669,32305
20459,plac30_h2,0.009255089268649477,0.001028564082607608,7179
20459,plac30_h5,0.014469813458216003,0.0038776870471597075,5567
20459,plac30_h8,0.0063902583351071185,0.004854680493016766,6150
20459,plac30_h20,0.019115980870943638,0.012676190847565244,8039
20459,plac30_h23,0.012712543433055223,0.029511846185522436,7206
20460,open_1430_60,0.022665086326068135,0.024367949999398772,65530
20460,open_1430_30,0.02095218777587018,0.018506131723803516,32791
20460,plac30_h2,0.01638614950039677,0.03093768413265122,9366
20460,plac30_h5,0.02749075441210873,0.02143687918033356,5709
20460,plac30_h8,0.018018835876301684,0.010844542980870835,4964
20460,plac30_h20,0.0008924128363737711,0.0005694695749730094,9585
20460,plac30_h23,0.03541000207929341,0.018643010991189916,7145
20461,open_1430_60,0.020501844275221302,0.015817523128190947,82147
20461,open_1430_30,0.014595062656609556,0.015475853137172436,45077
20461,plac30_h2,0.015885581309243946,0.006777451856365717,10666
20461,plac30_h5,0.01433329779419346,0.006067398400349384,5065
20461,plac30_h8,0.007829186714958636,0.04505276547957513,9729
20461,plac30_h20,0.02167374643651775,0.03728677434492367,10541
20461,plac30_h23,0.024805563264755907,0.03171904610454095,3959
20462,open_1430_60,0.02940440379876858,0.04103883024677048,80674
20462,open_1430_30,0.026356533888711037,0.0265348906539055,32283
20462,plac30_h2,0.026487850909405076,0.031845212161714584,4350
20462,plac30_h5,0.036922436397557705,0.0276310578312101,4598
20462,plac30_h8,0.04788494983643213,0.03092367541951481,19068
20462,plac30_h20,0.006573342572487788,0.0072893109837743756,7930
20462,plac30_h23,0.004618753834219904,0.00214595612397057,2233
20463,open_1430_60,0.0014722805334725037,0.01251345582359983,5386
20463,open_1430_30,0.0003908177366188789,0.017056221213950885,2124
20463,plac30_h2,0.004657559754539893,0.003760399103430294,2192
20463,plac30_h5,0.00012268400815438558,2.7777406868993634e-05,2054
20463,plac30_h8,3.059023205018258e-07,1.9671686928580965e-05,2279
20463,plac30_h20,4.1944134698047126e-05,1.3630472814020957e-05,2201
20463,plac30_h23,0.00789507880419041,0.01398493505515366,2735
20464,open_1430_60,0.007201424252751316,0.012961714691825768,13185
20464,open_1430_30,0.007804199374495795,0.020189166929247854,6888
20464,plac30_h2,0.0038577737849066402,0.029941120432031513,2354
20464,plac30_h5,0.028818182150753567,0.021608552744126493,2753
20464,plac30_h8,0.0013186492288280087,0.013944642186200666,3968
20464,plac30_h20,0.0008885659183565096,0.009634818636432075,5541
20464,plac30_h23,0.0018576052784913502,0.005002700119062847,6326
20465,open_1430_60,0.01431005604834085,0.020026977986503144,52259
20465,open_1430_30,0.02232135103354684,0.01801004696184768,31447
20465,plac30_h2,0.010478458396354725,0.033422896841618324,17116
20465,plac30_h5,0.004813335284958024,0.0064180382588863326,2744
20465,plac30_h8,0.0339428810758239,0.014545212791469348,21918
20465,plac30_h20,0.012345798256198097,0.008107302936393156,5483
20465,plac30_h23,0.001028267551857688,0.01287806812602722,3977
20466,open_1430_60,0.0255914175164116,0.028293121411541958,56842
20466,open_1430_30,0.023418978932989946,0.028044903622885933,32918
20466,plac30_h2,0.009981259925960738,0.0003070816547313012,3793
20466,plac30_h5,0.009226580727792017,0.01258407745155454,7904
20466,plac30_h8,0.0007595373136159702,0.01965579181204081,6792
20466,plac30_h20,0.02453702053004077,0.025110521507871512,18193
20466,plac30_h23,0.028499007914957464,0.032083975299816235,12576
20467,open_1430_60,0.0061565169610265985,0.039585492090724005,98894
20467,open_1430_30,0.024280727357264466,0.01960696399984882,55456
20467,plac30_h2,0.05306219189993419,0.03126685229164536,5902
20467,plac30_h5,0.02871433991938929,0.025615560270858893,8501
20467,plac30_h8,0.028600513117008643,0.031159428844726975,4837
20467,plac30_h20,0.004684424713605753,0.007417801383223725,15216
20467,plac30_h23,0.021401646078128524,0.0077781883048258955,5835
20468,open_1430_60,0.015986466424917394,0.016743757882352533,63892
20468,open_1430_30,0.030586079703375856,0.013831806226529478,37840
20468,plac30_h2,0.020057756238837623,0.016254928560923695,11191
20468,plac30_h5,0.00778730491336288,0.02169717410651797,6728
20468,plac30_h8,0.0005088535405635248,0.012974348579446878,10752
20468,plac30_h20,0.010547300334150073,0.01181565879192206,10177
20468,plac30_h23,0.0015644857136396476,0.0035104072256596838,3567
20469,open_1430_60,0.01617707759896816,0.008553833386604077,43429
20469,open_1430_30,0.007660679201717486,0.012320851921567667,18845
20469,plac30_h2,0.00848014630787875,0.008509660967388385,3961
20469,plac30_h5,0.006491343280184614,0.007064523315412537,11241
20469,plac30_h8,0.0014037020452955613,0.01885010265003397,5011
20469,plac30_h20,0.004170579321554122,0.015289319902964756,11612
20469,plac30_h23,5.955290721766858e-05,0.006462092523134028,3119
20470,open_1430_60,0.007875242332334975,0.02058584906345394,10584
20470,open_1430_30,0.0014019226906133607,0.012949040061151423,4407
20470,plac30_h2,0.024369654987628834,0.003446054746355129,3654
20470,plac30_h5,0.009628019779609096,0.02944303785419323,1984
20470,plac30_h8,0.0003338708863793976,0.015403820515885874,2931
20470,plac30_h20,3.7461323749996208e-06,4.7311820483679424e-06,2155
20470,plac30_h23,1.0958722164610627e-06,4.706578082864808e-06,2718
20471,open_1430_60,0.0029390870235154734,0.004422076440962447,9682
20471,open_1430_30,0.003242510108257859,0.0070666165968281845,4648
20471,plac30_h2,0.0005304324425593605,0.0009706234898587473,3749
20471,plac30_h5,0.0007187746691093342,0.005391598371345822,4166
20471,plac30_h8,8.673191649029499e-05,0.00607654342783182,3322
20471,plac30_h20,0.004841857128033057,1.9870321091764452e-05,2294
20471,plac30_h23,0.039439863833466045,0.030939272085169132,27010
20472,open_1430_60,0.02258665078929363,0.013820214736206489,18437
20472,open_1430_30,0.02158462270946998,0.010625721588974039,8728
20472,plac30_h2,0.008181790868218828,0.00877218854429778,7002
20472,plac30_h5,0.0005234429574749396,0.007935004575681574,6347
20472,plac30_h8,0.02401455323453682,0.024199507353966688,10367
20472,plac30_h20,0.02113049042462268,0.011505695438022987,3145
20472,plac30_h23,0.018340823573249156,0.02062281745177209,9169
20473,open_1430_60,0.029639194197321465,0.025597230104033215,88971
20473,open_1430_30,0.027761474375285457,0.03745660884415045,43033
20473,plac30_h2,0.02125033680096817,0.02064517466179284,6417
20473,plac30_h5,0.027699834400979388,0.023843819918365292,12303
20473,plac30_h8,0.03269295212860112,0.03803325591411061,21510
20473,plac30_h20,0.04700946796510518,0.03950974144474493,14088
20473,plac30_h23,0.04168894833474672,0.04487534901277967,14764
20474,open_1430_60,0.042254227220575584,0.036023338735311994,77260
20474,open_1430_30,0.04478897170238578,0.03018979182972159,41340
20474,plac30_h2,0.03871893351806496,0.03923186210937146,7770
20474,plac30_h5,0.035799601711094566,0.04075123361835282,13163
20474,plac30_h8,0.029963312917664003,0.038941073360195796,8182
20474,plac30_h20,0.024547332854499577,0.029130782492908503,20080
20474,plac30_h23,0.03645807115474804,0.01856197574552463,9781
20475,open_1430_60,0.04197931262154314,0.04987832556043698,71112
20475,open_1430_30,0.02920316251872366,0.032619438834344004,34977
20475,plac30_h2,0.039563478292149505,0.015726790350008457,7066
20475,plac30_h5,0.02072883700182366,0.03207772085638979,6069
20475,plac30_h8,0.031186079012634847,0.041100482188997575,6020
20475,plac30_h20,0.03911177307145663,0.045867183246728394,7587
20475,plac30_h23,0.022529549451715147,0.028796758217195878,4675
20476,open_1430_60,0.03790080513683141,0.056439275996623156,61202
20476,open_1430_30,0.027821307125079027,0.03436178105967884,33920
20476,plac30_h2,0.02507817815817313,0.03319906695220109,5201
20476,plac30_h5,0.023803849586311047,0.026915290080568414,7078
20476,plac30_h8,0.02260092732403107,0.03324493744982645,11710
20476,plac30_h20,0.02912498310359659,0.018415344378341986,19903
20476,plac30_h23,0.032857856016525196,0.030769597316297193,4467
20477,open_1430_60,0.027837788818255767,0.07215571739668067,8492
20477,open_1430_30,0.02000823438159968,0.021527464267084725,3960
20477,plac30_h2,0.015375479435175548,0.033913883772914113,3657
20477,plac30_h5,0.02331898531117594,0.026819804924826544,3337
20477,plac30_h8,0.006802454257881096,0.025332374388223656,4229
20477,plac30_h20,0.030035911149308692,5.29845915398768e-07,2166
20477,plac30_h23,0.030603310609874992,0.04451754052057806,2386
20478,open_1430_60,0.04587765691228912,0.027221480583354576,13595
20478,open_1430_30,0.03757235905436581,0.027598981393728336,6541
20478,plac30_h2,0.03699658009042777,0.04283781614529238,2998
20478,plac30_h5,0.04850937988169777,0.0298666427306696,4230
20478,plac30_h8,0.05164076952525948,0.023341645256421635,13848
20478,plac30_h20,0.0511749089166538,0.03450108783535165,16566
20478,plac30_h23,0.043676018002221026,0.04369303451775926,15623
20479,open_1430_60,0.03955338653270429,0.05353424963872824,68450
20479,open_1430_30,0.039091912225159856,0.038963405191931144,36691
20479,plac30_h2,0.03267298887353101,0.03988324276568132,11000
20479,plac30_h5,0.03028095172547013,0.024912630441375594,8099
20479,plac30_h8,0.035558107211686125,0.02871859508756446,5679
20479,plac30_h20,0.05057395009949861,0.03734095998718633,6951
20479,plac30_h23,0.05165687153272099,0.05119018599165081,6559
20480,open_1430_60,0.0357237457777527,0.04891713028939572,43098
20480,open_1430_30,0.028632442334247863,0.04296714564500024,22469
20480,plac30_h2,0.039223321194375285,0.04307922578143622,9449
20480,plac30_h5,0.02970933883221989,0.01983038081428794,4522
20480,plac30_h8,0.033557190403222324,0.034502128899709376,5595
20480,plac30_h20,0.0297304993541502,0.04314457399647613,19626
20480,plac30_h23,0.04221664679167863,0.04367708901269928,4835
20481,open_1430_60,0.043557223256443914,0.04788198737650075,49930
20481,open_1430_30,0.043762507974509604,0.054887750943579984,25319
20481,plac30_h2,0.03527581108729579,0.04226263929809107,5361
20481,plac30_h5,0.03997274225662197,0.039469299082042976,6768
20481,plac30_h8,0.03520851190275366,0.045806726883965525,6629
20481,plac30_h20,0.03835958623219046,0.03755641246839666,10261
20481,plac30_h23,0.0310258792409527,0.040931990838197714,4867
20482,open_1430_60,0.058492727709193684,0.049343583622555594,100002
20482,open_1430_30,0.04635628357996757,0.05133648255209924,23454
20482,plac30_h2,0.05585284052519526,0.05368680223078974,23260
20482,plac30_h5,0.05111485479613717,0.037931035004003036,5315
20482,plac30_h8,0.04290924733234537,0.03923502223581842,7572
20482,plac30_h20,0.015083663969690816,0.015148808521320613,15836
20482,plac30_h23,0.006217927589306597,0.016585042793473406,7311
20483,open_1430_60,0.022270595016888273,0.019034782618081888,77756
20483,open_1430_30,0.0014752428916886046,0.007069289473486659,44460
20483,plac30_h2,0.03965512518138916,0.03074331508955802,36215
20483,plac30_h5,0.019755777048595182,0.01013395354580371,7137
20483,plac30_h8,0.017043184943525393,0.018313084882622937,11420
20483,plac30_h20,0.018563808459606715,0.00857367419108929,35849
20483,plac30_h23,0.002652003634188816,0.012669923285857022,6390
20484,open_1430_60,0.032023791146947346,0.026748378042857374,88145
20484,open_1430_30,0.03559410009544739,0.013334852356378974,57626
20484,plac30_h2,0.006625637554000391,0.003884426862091152,8532
20484,plac30_h5,3.1043428323622603e-05,0.0004078749089406834,4111
20484,plac30_h8,0.019967875385319942,0.021626388954949446,26870
20484,plac30_h20,0.02423012316164842,0.013065427796594689,32027
20484,plac30_h23,0.020738104429851554,0.012931876969139045,20610
20485,open_1430_60,0.03837473597718963,0.04033986743981151,76108
20485,open_1430_30,0.024203327201299082,0.030734791621220704,39664
20485,plac30_h2,0.014909685044107394,0.006702076453816554,15968
20485,plac30_h5,0.01053245322749643,0.008988459245462254,10139
20485,plac30_h8,0.007542439172706376,0.0077258784018397345,12940
20485,plac30_h20,0.020202097016987865,0.011393300687733188,23788
20485,plac30_h23,0.016982645491160173,0.01573040541864221,32548
20486,open_1430_60,0.01809521863092904,0.006512113246689896,113540
20486,open_1430_30,0.03647181427006875,0.018169494873781385,62483
20486,plac30_h2,0.013442714003312557,0.014380481756176457,27918
20486,plac30_h5,0.01543913119992927,0.009422022792318201,41507
20486,plac30_h8,0.013685502156281223,0.0196578321033755,18257
20486,plac30_h20,0.0167792510234578,0.013911652407231589,14297
20486,plac30_h23,0.019663012660976167,0.01195005650281001,9375
20487,open_1430_60,0.022261079494686115,0.027066804734352135,96839
20487,open_1430_30,0.02172531214226071,0.02077812639979991,46133
20487,plac30_h2,0.018574518561094124,0.016516920041879532,16232
20487,plac30_h5,0.013729746149225258,0.004885344873858172,9341
20487,plac30_h8,0.01359346372164114,0.01779069669159837,11156
20487,plac30_h20,0.03560604484253394,0.03605762595982626,54185
20487,plac30_h23,0.01867245060911477,0.013545667365544882,12860
20488,open_1430_60,0.07089324544665412,0.03464205806331038,123189
20488,open_1430_30,0.033585972293936964,0.011831824788613705,55647
20488,plac30_h2,0.04690804079555131,0.015492872783655619,16524
20488,plac30_h5,0.04544058553161587,0.00844587610642179,9633
20488,plac30_h8,0.011725492830058554,0.014916487281165777,11357
20488,plac30_h20,0.005445252780991163,0.0040479109732753414,12160
20488,plac30_h23,0.017231292864065523,0.01884525402408917,17184
20489,open_1430_60,0.03291440723720657,0.04164230177303678,175845
20489,open_1430_30,0.0062743907186391225,0.012425158403940328,67731
20489,plac30_h2,0.03522329427949999,0.030101919913622568,44076
20489,plac30_h5,0.025481537376209312,0.01942908317954189,38371
20489,plac30_h8,0.01709108745145261,0.01114734339781057,17865
20489,plac30_h20,0.09793218424805339,0.04391122472317267,114882
20489,plac30_h23,0.022976267890234495,0.03661524042507563,49897
20490,open_1430_60,0.02582609802232424,0.027616311222032834,195383
20490,open_1430_30,0.013998097800983593,0.02068501261845869,111159
20490,plac30_h2,0.05037097474605187,0.02250151777610595,50010
20490,plac30_h5,0.02837794183099736,0.04865495167896051,41183
20490,plac30_h8,0.03297334905829017,0.027192307391139543,34803
20490,plac30_h20,0.0301078356491094,0.02882194675465311,30900
20490,plac30_h23,0.021336783138905847,0.03005273182330439,16146
20491,open_1430_60,0.02937107968528097,0.022204228047261843,66294
20491,open_1430_30,0.025772228000783617,0.015001479306389698,26914
20491,plac30_h2,0.013589041952432343,0.012257793531801012,14001
20491,plac30_h5,0.024384719358485074,0.01472383341315364,25178
20491,plac30_h8,0.018493179707027293,0.014162673975451867,25239
20491,plac30_h20,0.008912215508306781,0.021775103393656882,8817
20491,plac30_h23,0.007690430241555167,0.01445667664271227,8839
20492,open_1430_60,0.021124728054541318,0.026953599273531068,28412
20492,open_1430_30,0.010226947349851552,0.015439433119672254,10198
20492,plac30_h2,0.009352705827721894,0.02125096612715785,9097
20492,plac30_h5,0.0076960513330889225,0.019207664874651986,5454
20492,plac30_h8,0.02292324892254373,0.031282723795591376,29199
20492,plac30_h20,0.02497476941525736,0.01121831689033662,8958
20492,plac30_h23,0.032561507110929186,0.03261921942776784,38544
20493,open_1430_60,0.0281349330529915,0.0378117327206888,95285
20493,open_1430_30,0.03668848562234198,0.028421385532861596,62036
20493,plac30_h2,0.024568391547468975,0.01594457958433906,23706
20493,plac30_h5,0.005096562467840042,0.00880275833473244,11731
20493,plac30_h8,0.04384841315949358,0.028410907640165746,29723
20493,plac30_h20,0.014030771651676249,0.013468658095626716,16147
20493,plac30_h23,0.015210423668636222,0.0013164028163726962,6895
20494,open_1430_60,0.04185614045847259,0.0232551379714632,90091
20494,open_1430_30,0.049044367917189656,0.03295744359462718,52426
20494,plac30_h2,0.007987490465861032,0.027613598309189216,9031
20494,plac30_h5,0.022807367780255567,0.022171515031884702,13239
20494,plac30_h8,0.014346616080558209,0.020795607789447692,10354
20494,plac30_h20,0.018339078754383474,0.00609629521150253,12913
20494,plac30_h23,0.00286717823144513,0.011093915787230338,6039
20495,open_1430_60,0.06146125852494276,0.00430566314107727,133627
20495,open_1430_30,0.03062544906908709,0.032256274197900246,64017
20495,plac30_h2,0.022042773435467088,0.015597461949704126,8851
20495,plac30_h5,0.026570485900540362,0.017563567481300755,13463
20495,plac30_h8,0.019660851793710618,0.018438096973233512,12460
20495,plac30_h20,0.015402403944624124,0.013322454364850304,14136
20495,plac30_h23,0.018472425158957275,0.01298858561372671,11976
20496,open_1430_60,0.031449476511511844,0.020502948659302866,84950
20496,open_1430_30,0.023992917695935576,0.010396956327488506,43631
20496,plac30_h2,0.017419040503726866,0.009859983478984627,12236
20496,plac30_h5,0.009247066797507177,0.010169186752779147,14241
20496,plac30_h8,0.016953653892252955,0.023117963754245144,11476
20496,plac30_h20,0.013930120283104074,0.006822135466098854,23256
20496,plac30_h23,0.008043300387603947,0.006158581772806119,11948
20497,open_1430_60,0.02972841578678605,0.0162542915712921,117483
20497,open_1430_30,0.02131378224611842,0.021626769552421612,57927
20497,plac30_h2,0.009250509403006531,0.01881217432902649,12249
20497,plac30_h5,0.003132250134820459,0.007942837078245049,9069
20497,plac30_h8,0.013863252804483462,0.012929950867005567,15321
20497,plac30_h20,0.008332277775216317,0.010302106056190105,12745
20497,plac30_h23,0.012307406480410564,0.01135500217664327,5110
20498,open_1430_60,0.013097455754614896,0.012344520214589389,31276
20498,open_1430_30,0.023812646838737885,0.013219370258313263,15828
20498,plac30_h2,0.010454387945902635,0.008405192823964732,6518
20498,plac30_h5,0.0021206767689926063,0.013337380046366002,4842
20498,plac30_h8,0.01964239673544493,0.028300217346598787,17413
20498,plac30_h20,0.007394738362043255,0.012629011613261368,5963
20498,plac30_h23,0.005614114279945962,0.018953315571788285,4791
20499,open_1430_60,0.012823488364175909,0.012173554899328715,21326
20499,open_1430_30,0.011883594482080621,0.01304799896590934,10650
20499,plac30_h2,0.005854349506273951,0.003642862795169999,7647
20499,plac30_h5,0.007808925562397593,0.020037397680949736,7027
20499,plac30_h8,0.013761499250158323,0.02041919869632178,15560
20499,plac30_h20,0.0035130835110030994,0.0072380387506287775,6469
20499,plac30_h23,0.009828880165204184,0.00945943326959018,9895
20500,open_1430_60,0.01208271391246893,0.016635921599169923,37162
20500,open_1430_30,0.012176027402355303,0.009159062476910026,19495
20500,plac30_h2,0.005687843506373324,0.00605839862442587,9928
20500,plac30_h5,0.011009181255252819,0.018967594956743456,6474
20500,plac30_h8,0.0009570093679358811,0.0007659840658545754,7123
20500,plac30_h20,0.01109638772421843,0.015873171798964546,15489
20500,plac30_h23,0.005909716592535569,0.013632839867137304,9437
20501,open_1430_60,0.04250483183484323,0.022972631718326836,102011
20501,open_1430_30,0.05463029007664245,0.018320505206494794,58415
20501,plac30_h2,0.006429033964064838,0.015279644437246411,8671
20501,plac30_h5,0.004548775316054109,0.024925397805139225,12513
20501,plac30_h8,0.004738991475480918,0.0037655712319571875,7054
20501,plac30_h20,0.0005694486222557859,0.009340249783358541,10743
20501,plac30_h23,0.007605470194909564,0.00781586497992355,6814
20502,open_1430_60,0.018440527516991545,0.013710188297723169,76456
20502,open_1430_30,0.02701527709848379,0.010871830503196567,48037
20502,plac30_h2,0.0053565402576282745,0.0170775997642697,7043
20502,plac30_h5,0.0010319331656592748,0.009156314444469165,6333
20502,plac30_h8,0.0006846148914095135,0.0014200872330879994,8383
20502,plac30_h20,0.011469766381547944,0.0077560901355749985,13965
20502,plac30_h23,0.008156062672477236,0.017873902355609393,6487
20503,open_1430_60,0.0158977086587147,0.018719594223658848,77465
20503,open_1430_30,0.011767922994945716,0.021559673435979407,48110
20503,plac30_h2,0.012545662177185078,0.010399443414919298,7487
20503,plac30_h5,0.0044718911937413185,0.02066655186546172,8475
20503,plac30_h8,0.01415017022681823,0.011122376929333997,13826
20503,plac30_h20,0.007460725128509154,0.010875024542420387,12488
20503,plac30_h23,0.001635086306068416,0.013211723049471252,5701
20504,open_1430_60,0.035636801518720104,0.009557694775530163,115219
20504,open_1430_30,0.01466929635371151,0.01428310992021985,43695
20504,plac30_h2,0.006572724599395641,0.016404467870786754,4686
20504,plac30_h5,0.006671223791722624,0.039507228606881196,19356
20504,plac30_h8,0.0031233459183581725,0.009884842681908486,6072
20504,plac30_h20,0.0034103252743361264,0.019742712054517407,9603
20504,plac30_h23,0.006162780127117019,0.01669116025458783,5210
20505,open_1430_60,0.017093298617942315,0.021037859695329845,18955
20505,open_1430_30,0.012370606478389987,0.015521728281537011,11923
20505,plac30_h2,0.001227840928151931,0.0014523729284865625,5242
20505,plac30_h5,0.022054474152781146,0.01752716419077244,4237
20505,plac30_h8,0.003204567235470564,0.012691885296054644,5668
20505,plac30_h20,0.023158701341597226,0.00970995904655959,6445
20505,plac30_h23,0.012051837286561513,0.02898507692927855,5604
20506,open_1430_60,0.019749170412256878,0.014342225429022918,31423
20506,open_1430_30,0.013246150033350841,0.012870611688444491,14833
20506,plac30_h2,0.01832465341768822,0.01767312124079846,5262
20506,plac30_h5,0.011101616007405448,0.02295826234108,3512
20506,plac30_h8,0.011450849307551539,0.009376883099288904,4212
20506,plac30_h20,0.009889873440013444,0.0021139103969074493,6419
20506,plac30_h23,0.003275472925541117,0.009448901683478126,8345
20507,open_1430_60,0.01294412514831727,0.023187812637923393,93500
20507,open_1430_30,0.01182169534709031,0.03286115100117851,56490
20507,plac30_h2,0.008089913885518359,0.02701559958083773,18909
20507,plac30_h5,0.011752908788664713,0.015870696121596507,9650
20507,plac30_h8,0.014299273369084143,0.014236315541627369,9483
20507,plac30_h20,0.010038016535307365,0.007083675584891801,24896
20507,plac30_h23,0.0069285410095125425,0.008822584056072226,8390
20508,open_1430_60,0.01963068711957998,0.020010158817443984,104511
20508,open_1430_30,0.014689251013761326,0.014541901303890298,60376
20508,plac30_h2,0.012252052871110357,0.010344065244353605,15519
20508,plac30_h5,0.009520455399020506,0.01374555744027851,18658
20508,plac30_h8,0.013467958986042519,0.012382202590051907,13095
20508,plac30_h20,0.004143795142877722,0.013065855170529637,10507
20508,plac30_h23,0.00592118810759244,0.010257211710258778,6497
20509,open_1430_60,0.01423003231480257,0.0273369839348665,73235
20509,open_1430_30,0.01513735015526773,0.02693164749142493,43125
20509,plac30_h2,0.013289413725293756,0.020803914326756056,13514
20509,plac30_h5,0.02224855595547539,0.019160195552402646,18937
20509,plac30_h8,0.006661075429649178,0.011348857168812232,17532
20509,plac30_h20,0.0056585691529082,0.02279273415193204,18531
20509,plac30_h23,0.024652091612195545,0.012398731020086295,19507
20510,open_1430_60,0.01562759716135438,0.01733281202142278,86032
20510,open_1430_30,0.03061174115311391,0.023128264466416432,48841
20510,plac30_h2,0.008870023446481209,0.007670058355638677,12406
20510,plac30_h5,0.009519356711543388,0.02985177851989116,8550
20510,plac30_h8,0.005490632662878939,0.015497285491394392,10492
20510,plac30_h20,0.016162576544085674,0.0030215484661981827,8642
20510,plac30_h23,0.0026374880725588677,0.0024617390046546748,6204
20511,open_1430_60,0.021104116791126122,0.016883456525774908,59317
20511,open_1430_30,0.009500833394450563,0.015562983169005331,33927
20511,plac30_h2,0.009732636283966851,0.009469561695402586,8016
20511,plac30_h5,0.007157704264540353,0.02013429818316737,5003
20511,plac30_h8,0.007732502337290741,0.035679374682088386,9703
20511,plac30_h20,0.008044621276386901,0.01224702815537174,8131
20511,plac30_h23,0.007390050617998284,0.01735887075423497,5695
20512,open_1430_60,0.018403831410978098,0.022392831460495657,38016
20512,open_1430_30,0.01565852309627553,0.023993409007162025,20818
20512,plac30_h2,0.0051665090444990205,0.019884652258276406,4448
20512,plac30_h5,0.009009094764055977,0.017247256000559836,5753
20512,plac30_h8,0.016428179951774348,0.032673974552489896,13176
20512,plac30_h20,0.009294101061569717,0.018777067636754692,18236
20512,plac30_h23,0.010850540302180639,0.00701881506139559,11001
